[
{"_id":"Wb5ioM5g5f3RuYqzp","title":"Admin Users","dataKey":"4HXM8dQaEnGfmffEv","category":"user_type","projectId":"Mn7pkAGvfCrGGTYT5","projectVersionId":"pq6BP5yukdnwZwT42","modifiedBy":"6ordz9pgLnjHyYMmg","createdBy":"6ordz9pgLnjHyYMmg","deleted":false,"dateCreated":"2015-05-28T10:23:48.723Z","dateModified":"2015-08-08T12:46:48.504Z","schema":{"email":{"label":"Email","type":0,"customFieldType":null,"fieldIsArray":false},"password":{"label":"Password","type":0,"customFieldType":null,"fieldIsArray":false},"name":{"label":"Name","type":0,"customFieldType":null,"fieldIsArray":false},"enrolled":{"label":"Enrolled","type":1,"customFieldType":null,"fieldIsArray":false}},"renderRowSelector":"return row.name;"},
{"_id":"hL5A4ZEJeB88tytMT","title":"Tester Users","dataKey":"sEwcHgusF4kJXxPYE","category":"user_type","projectId":"Mn7pkAGvfCrGGTYT5","projectVersionId":"pq6BP5yukdnwZwT42","modifiedBy":"6ordz9pgLnjHyYMmg","createdBy":"6ordz9pgLnjHyYMmg","deleted":false,"dateCreated":"2015-05-28T10:23:48.806Z","dateModified":"2015-08-31T01:07:41.789Z","schema":{"email":{"label":"Email","type":0,"customFieldType":null,"fieldIsArray":false,"defaultValue":null},"password":{"label":"Password","type":0,"customFieldType":null,"fieldIsArray":false,"defaultValue":null},"name":{"label":"Name","type":0,"customFieldType":null,"fieldIsArray":false,"defaultValue":null},"enrolled":{"label":"Enrolled","type":1,"customFieldType":null,"fieldIsArray":false,"defaultValue":null}},"renderRowSelector":"return row.name;"},
{"_id":"n2RRaGSDvbouTdTTY","title":"Developer Users","dataKey":"mRaArc2aQcfkCGZL8","category":"user_type","projectId":"Mn7pkAGvfCrGGTYT5","projectVersionId":"pq6BP5yukdnwZwT42","modifiedBy":"6ordz9pgLnjHyYMmg","createdBy":"6ordz9pgLnjHyYMmg","deleted":false,"dateCreated":"2015-05-28T10:23:48.857Z","dateModified":"2015-08-31T01:07:36.917Z","schema":{"email":{"label":"Email","type":0,"customFieldType":null,"fieldIsArray":false,"defaultValue":null},"password":{"label":"Password","type":0,"customFieldType":null,"fieldIsArray":false,"defaultValue":null},"name":{"label":"Name","type":0,"customFieldType":null,"fieldIsArray":false,"defaultValue":null},"enrolled":{"label":"Enrolled","type":1,"customFieldType":null,"fieldIsArray":false,"defaultValue":null}},"renderRowSelector":"return row.name;"},
{"_id":"C45SNKLz5i3zNqakh","projectVersionId":"pq6BP5yukdnwZwT42","projectId":"Mn7pkAGvfCrGGTYT5","dataKey":"server_config_pq6BP5yukdnwZwT42","title":"Demo Project 0.1 server configuration","category":"server_config","deleted":false,"dateCreated":"2015-08-08T13:13:39.123Z","createdBy":"6ordz9pgLnjHyYMmg","dateModified":"2015-08-15T11:44:04.691Z","modifiedBy":"6ordz9pgLnjHyYMmg","schema":{"address_required":{"label":"Address Required","type":1,"customFieldType":null,"fieldIsArray":false,"defaultValue":null},"is_good":{"label":"Is Good","type":1,"customFieldType":null,"fieldIsArray":false,"defaultValue":"true"},"hide_hp_info":{"label":"Hide HP Info","type":1,"customFieldType":null,"fieldIsArray":false,"defaultValue":null}}},
{"_id":"TRjPFnANe7ihE6XvH","title":"New Type","dataKey":"user_type_custom_new_type","category":"user_type_custom","projectId":"Mn7pkAGvfCrGGTYT5","projectVersionId":"pq6BP5yukdnwZwT42","deleted":true,"dateCreated":"2015-08-09T13:18:47.383Z","createdBy":"6ordz9pgLnjHyYMmg","dateModified":"2015-08-09T13:18:52.411Z","modifiedBy":"6ordz9pgLnjHyYMmg"},
{"_id":"G8uq6osasikLugFJQ","title":"New User Type Users","dataKey":"CBdXmeACDoNtyk9xS","category":"user_type","projectId":"Mn7pkAGvfCrGGTYT5","projectVersionId":"pq6BP5yukdnwZwT42","modifiedBy":"6ordz9pgLnjHyYMmg","createdBy":"6ordz9pgLnjHyYMmg","deleted":true,"dateCreated":"2015-08-09T19:07:31.647Z","dateModified":"2015-08-09T19:07:40.974Z"}
]
