[
{"_id":"X7aT55GmTjapZ9kBk","projectId":"Mn7pkAGvfCrGGTYT5","projectVersionId":"pq6BP5yukdnwZwT42","title":"Login - Admin","staticId":"37afef928ac35b2bcca2d282","dateCreated":"2016-08-16T10:41:20.126Z","createdBy":"6ordz9pgLnjHyYMmg","dateModified":"2016-08-16T10:41:20.126Z","modifiedBy":"6ordz9pgLnjHyYMmg","testGroupId":"3b8e2acc4b7bbc13e3e7ed73","description":"Log the user in, validate the homepage, and log out."},
{"_id":"FbcpXNeHvrDToZXu6","projectId":"Mn7pkAGvfCrGGTYT5","projectVersionId":"pq6BP5yukdnwZwT42","title":"Personal Home","staticId":"272637219a587c68bc6bef97","dateCreated":"2016-08-16T10:41:20.128Z","createdBy":"6ordz9pgLnjHyYMmg","dateModified":"2016-08-16T10:41:20.128Z","modifiedBy":"6ordz9pgLnjHyYMmg","description":"WTF Mate"},
{"_id":"FRRJe7YL5x2tFiuww","projectId":"Mn7pkAGvfCrGGTYT5","projectVersionId":"pq6BP5yukdnwZwT42","testGroupId":"32bcef1def094e0332b0fc7b","title":"Admin Home","staticId":"2ec0e5971f6f3d96f031615d","dateCreated":"2016-08-16T10:41:20.135Z","createdBy":"6ordz9pgLnjHyYMmg","dateModified":"2016-08-25T11:07:55.360Z","modifiedBy":"6ordz9pgLnjHyYMmg"},
{"_id":"zJhQjs6d6x9Gdud3u","projectId":"Mn7pkAGvfCrGGTYT5","projectVersionId":"pq6BP5yukdnwZwT42","testGroupId":"c71ed9b3dae80848d29e8547","title":"View History","staticId":"d150d4cbbb892663aeb1e9c7","dateCreated":"2016-08-16T10:41:20.138Z","createdBy":"6ordz9pgLnjHyYMmg","dateModified":"2016-08-25T11:07:58.724Z","modifiedBy":"6ordz9pgLnjHyYMmg"}
]
