[
{"_id":"cTEZbBe4Tv7wciyLv","name":"DemoProject","projectId":"Mn7pkAGvfCrGGTYT5","projectVersionId":"pq6BP5yukdnwZwT42","parentId":"pq6BP5yukdnwZwT42","parentCollectionName":"ProjectVersions","type":0,"language":0,"modifiedBy":"6ordz9pgLnjHyYMmg","createdBy":"6ordz9pgLnjHyYMmg","staticId":"4031dc4956bfb0533d554dfa","stubbed":false,"deleted":false,"dateCreated":"2016-09-03T10:54:04.284Z","dateModified":"2016-09-03T10:54:04.285Z"},
{"_id":"92pKqu5CxFx9ZXZkC","name":"Test","projectId":"Mn7pkAGvfCrGGTYT5","projectVersionId":"pq6BP5yukdnwZwT42","parentId":"pq6BP5yukdnwZwT42","parentCollectionName":"ProjectVersions","type":1,"language":0,"modifiedBy":"6ordz9pgLnjHyYMmg","createdBy":"6ordz9pgLnjHyYMmg","staticId":"ef9468348397cf01f8839564","stubbed":false,"deleted":false,"dateCreated":"2016-09-03T10:54:04.341Z","dateModified":"2016-09-03T10:54:04.341Z"},
{"_id":"dRYKYNqjagw4Z2tjC","name":"Admin","projectId":"Mn7pkAGvfCrGGTYT5","projectVersionId":"pq6BP5yukdnwZwT42","parentId":"780f346f1fb788667068f7c1","parentCollectionName":"Nodes","language":0,"docs":"Code Module for the user type Admin","modifiedBy":"6ordz9pgLnjHyYMmg","createdBy":"6ordz9pgLnjHyYMmg","staticId":"6fb04d34e2dd948f6df1849b","stubbed":false,"deleted":false,"dateCreated":"2016-09-03T10:59:26.274Z","dateModified":"2016-09-03T10:59:26.275Z"},
{"_id":"kCgERv6GEi68Agaas","name":"Developer","projectId":"Mn7pkAGvfCrGGTYT5","projectVersionId":"pq6BP5yukdnwZwT42","parentId":"047ebba51ae336654a765ca0","parentCollectionName":"Nodes","language":0,"docs":"Code Module for the user type Developer","modifiedBy":"6ordz9pgLnjHyYMmg","createdBy":"6ordz9pgLnjHyYMmg","staticId":"bfaba5de179a06b4024d6881","stubbed":false,"deleted":false,"dateCreated":"2016-09-03T10:59:26.337Z","dateModified":"2016-09-03T10:59:26.337Z"},
{"_id":"K5KdoYq2ZXEkQ6kbE","name":"Tester","projectId":"Mn7pkAGvfCrGGTYT5","projectVersionId":"pq6BP5yukdnwZwT42","parentId":"c0a2bd8e82f379217f05dcbe","parentCollectionName":"Nodes","language":0,"docs":"Code Module for the user type Tester","modifiedBy":"6ordz9pgLnjHyYMmg","createdBy":"6ordz9pgLnjHyYMmg","staticId":"21dd1d140e7f5c751178f2d1","stubbed":false,"deleted":false,"dateCreated":"2016-09-03T10:59:26.360Z","dateModified":"2016-09-03T10:59:26.361Z"}
]
