[
{"_id":"6LNA9d8LnxdrafQ84","projectId":"Mn7pkAGvfCrGGTYT5","projectVersionId":"pq6BP5yukdnwZwT42","testCaseId":"37afef928ac35b2bcca2d282","serverId":"549281d4aef2655d647e9370","pauseOnFailure":false,"status":5,"abort":false,"dateCreated":"2016-09-02T18:48:37.905Z","createdBy":"6ordz9pgLnjHyYMmg","resultCode":1},
{"_id":"otRD87Ggiq2AZwBwk","projectId":"Mn7pkAGvfCrGGTYT5","projectVersionId":"pq6BP5yukdnwZwT42","testCaseId":"37afef928ac35b2bcca2d282","serverId":"549281d4aef2655d647e9370","pauseOnFailure":false,"status":2,"dateCreated":"2016-09-02T18:48:37.955Z","createdBy":"6ordz9pgLnjHyYMmg","abort":false,"resultCode":0,"result":{"error":{"message":"node-not-ready","name":"Error","stack":"Error: node-not-ready<br>    at ValidateNode (/Users/austinsand/Workspace/doc-roba/automation/roba_test_role.js:533:36)<br>    at ExecuteActionStep (/Users/austinsand/Workspace/doc-roba/automation/roba_test_role.js:342:14)<br>    at ExecuteTestRole (/Users/austinsand/Workspace/doc-roba/automation/roba_test_role.js:213:19)<br>    at RobaContext.testResultRoleId (/Users/austinsand/Workspace/doc-roba/automation/roba_test_role.js:77:5)<br>    at /Users/austinsand/Workspace/doc-roba/automation/node_modules/fibers/future.js:438:21"}}},
{"_id":"yDMQckGpGQW5nz5EY","projectId":"Mn7pkAGvfCrGGTYT5","projectVersionId":"pq6BP5yukdnwZwT42","testCaseId":"37afef928ac35b2bcca2d282","serverId":"549281d4aef2655d647e9370","pauseOnFailure":false,"status":2,"dateCreated":"2016-09-02T18:48:37.959Z","createdBy":"6ordz9pgLnjHyYMmg","abort":false,"resultCode":0,"result":{"error":{"message":"node-not-ready","name":"Error","stack":"Error: node-not-ready<br>    at ValidateNode (/Users/austinsand/Workspace/doc-roba/automation/roba_test_role.js:533:36)<br>    at ExecuteActionStep (/Users/austinsand/Workspace/doc-roba/automation/roba_test_role.js:342:14)<br>    at ExecuteTestRole (/Users/austinsand/Workspace/doc-roba/automation/roba_test_role.js:213:19)<br>    at RobaContext.testResultRoleId (/Users/austinsand/Workspace/doc-roba/automation/roba_test_role.js:77:5)<br>    at /Users/austinsand/Workspace/doc-roba/automation/node_modules/fibers/future.js:438:21"}}}
]
