[
{"_id":"bYB2GqMibPAjJDnud","projectId":"Mn7pkAGvfCrGGTYT5","projectVersionId":"pq6BP5yukdnwZwT42","testCaseId":"272637219a587c68bc6bef97","order":0,"title":"User","staticId":"3ec21da7979b73af10c88b2f","dateCreated":"2015-07-03T11:09:43.891Z","createdBy":"6ordz9pgLnjHyYMmg","dateModified":"2015-10-31T15:35:37.049Z","modifiedBy":"6ordz9pgLnjHyYMmg","description":"This is a single user test. Yeehah!"},
{"_id":"jj4FWKwZx8kJkrFZB","projectId":"Mn7pkAGvfCrGGTYT5","projectVersionId":"pq6BP5yukdnwZwT42","testCaseId":"2ec0e5971f6f3d96f031615d","order":0,"title":"Test Role","staticId":"00d43c15f154a8ce15457665","dateCreated":"2015-10-24T12:47:49.467Z","createdBy":"6ordz9pgLnjHyYMmg","dateModified":"2015-10-31T19:24:11.840Z","modifiedBy":"6ordz9pgLnjHyYMmg"},
{"_id":"R76jyeGnmx7GXvdNe","projectId":"Mn7pkAGvfCrGGTYT5","projectVersionId":"pq6BP5yukdnwZwT42","testCaseId":"37afef928ac35b2bcca2d282","order":0,"title":"Admin User","staticId":"7ba2dc07f7187b94f93fad6c","dateCreated":"2015-11-08T19:15:19.372Z","createdBy":"6ordz9pgLnjHyYMmg","dateModified":"2015-11-26T12:54:29.946Z","modifiedBy":"6ordz9pgLnjHyYMmg"}
]
