[
{"_id":"JciRr4TXQ2QMdFon7","title":"Address1","dataKey":"address1","type":0,"fieldIsArray":false,"order":1,"parentId":"c582d4f5e3e61987128e4b65","projectId":"Mn7pkAGvfCrGGTYT5","projectVersionId":"pq6BP5yukdnwZwT42","staticId":"1ac9b788bbebc221cb599506","dateCreated":"2016-09-02T18:55:39.178Z","createdBy":"6ordz9pgLnjHyYMmg","dateModified":"2016-09-02T18:56:06.931Z","modifiedBy":"6ordz9pgLnjHyYMmg"},
{"_id":"fi9FtfyDBq7Gf9ZK6","title":"Address 2","dataKey":"address_2","type":0,"fieldIsArray":false,"order":2,"parentId":"c582d4f5e3e61987128e4b65","projectId":"Mn7pkAGvfCrGGTYT5","projectVersionId":"pq6BP5yukdnwZwT42","staticId":"05355780bf5dbfba9919a6f7","dateCreated":"2016-09-02T18:56:33.216Z","createdBy":"6ordz9pgLnjHyYMmg","dateModified":"2016-09-02T18:56:37.114Z","modifiedBy":"6ordz9pgLnjHyYMmg"},
{"_id":"AHKH22wb5thRM4pJ2","title":"City","dataKey":"city","type":0,"fieldIsArray":false,"order":3,"parentId":"c582d4f5e3e61987128e4b65","projectId":"Mn7pkAGvfCrGGTYT5","projectVersionId":"pq6BP5yukdnwZwT42","staticId":"b91e4191cc489d9adc961b73","dateCreated":"2016-09-02T18:56:38.724Z","createdBy":"6ordz9pgLnjHyYMmg","dateModified":"2016-09-02T18:56:40.943Z","modifiedBy":"6ordz9pgLnjHyYMmg"},
{"_id":"MwZj8yWcgk6sYWinp","title":"State","dataKey":"state","type":0,"fieldIsArray":false,"order":4,"parentId":"c582d4f5e3e61987128e4b65","projectId":"Mn7pkAGvfCrGGTYT5","projectVersionId":"pq6BP5yukdnwZwT42","staticId":"33980fd99bdec0b3de8c120a","dateCreated":"2016-09-02T18:56:41.981Z","createdBy":"6ordz9pgLnjHyYMmg","dateModified":"2016-09-02T18:56:45.776Z","modifiedBy":"6ordz9pgLnjHyYMmg"},
{"_id":"NCQJa5JEoLepuE8G4","title":"Zip","dataKey":"zip","type":0,"fieldIsArray":false,"order":5,"parentId":"c582d4f5e3e61987128e4b65","projectId":"Mn7pkAGvfCrGGTYT5","projectVersionId":"pq6BP5yukdnwZwT42","staticId":"c0690d65c0f990a82127d119","dateCreated":"2016-09-02T18:56:47.933Z","createdBy":"6ordz9pgLnjHyYMmg","dateModified":"2016-09-02T18:56:49.999Z","modifiedBy":"6ordz9pgLnjHyYMmg"},
{"_id":"Fhdw2D9r4qzCJFwzL","title":"County","dataKey":"county","type":0,"fieldIsArray":false,"order":6,"parentId":"c582d4f5e3e61987128e4b65","projectId":"Mn7pkAGvfCrGGTYT5","projectVersionId":"pq6BP5yukdnwZwT42","staticId":"36fe472c52a9ceec7f801812","dateCreated":"2016-09-02T18:56:52.801Z","createdBy":"6ordz9pgLnjHyYMmg","dateModified":"2016-09-02T18:56:57.667Z","modifiedBy":"6ordz9pgLnjHyYMmg"}
]
