[
{"_id":"PfBReB7jZQo9ndm5S","projectId":"Mn7pkAGvfCrGGTYT5","projectVersionId":"pq6BP5yukdnwZwT42","parentId":"d034ce28f8678c503ba4855a","name":"isGood","order":1,"staticId":"a4daa3b1fefb9de04a69e354","type":0,"optional":true,"dateCreated":"2016-09-04T23:59:59.482Z","createdBy":"6ordz9pgLnjHyYMmg","dateModified":"2016-09-05T00:43:09.713Z","modifiedBy":"6ordz9pgLnjHyYMmg","docs":"Whatever"},
{"_id":"sgqyotsWtwGg9X9Mo","projectId":"Mn7pkAGvfCrGGTYT5","projectVersionId":"pq6BP5yukdnwZwT42","parentId":"d034ce28f8678c503ba4855a","name":"Whatever","order":0,"staticId":"82fce66285385152d4a33be9","type":1,"optional":true,"dateCreated":"2016-09-05T00:31:10.256Z","createdBy":"6ordz9pgLnjHyYMmg","dateModified":"2016-09-05T12:28:17.927Z","modifiedBy":"6ordz9pgLnjHyYMmg"}
]
