[
{"_id":"6ordz9pgLnjHyYMmg","createdAt":"2015-07-18T15:44:55.494Z","services":{"password":{"bcrypt":"$2a$10$9IY/M16xCUHltuYzVG3SEunaQhkDWH7oEUKuYGY4L7b.iDWOxlErG"},"email":{"verificationTokens":[]}},"username":"demo@gmail.com","emails":[{"address":"demo@gmail.com","verified":false}],"profile":{"name":"Demo User"},"isSystemAdmin":true,"projectList":["Mn7pkAGvfCrGGTYT5"],"projects":{"Mn7pkAGvfCrGGTYT5":{"roles":[0]}}},
{"_id":"LrTwQucSQW2Tc94Yc","createdAt":"2016-09-11T12:27:30.154Z","services":{"password":{"bcrypt":"$2a$10$UcrLxKixcZT4haAV1ohXIurlaqfBkY4tHOEFZ7m.gy7swNedCwy2u"}},"username":"someone@docroba.com","emails":[{"address":"someone@docroba.com","verified":false}],"profile":{"name":"Joe Admin"},"projectList":["Mn7pkAGvfCrGGTYT5"],"projects":{"Mn7pkAGvfCrGGTYT5":{"roles":[1]}}}
]
