[
{"_id":"9TcMiiBKRr8DwR7yR","projectId":"Mn7pkAGvfCrGGTYT5","projectVersionId":"pq6BP5yukdnwZwT42","testResultId":"6LNA9d8LnxdrafQ84","testCaseRoleId":"7ba2dc07f7187b94f93fad6c","testSystemId":"b15ec2dc3193238dc660d1b0","testAgentId":"f96266330cdc96e1f655b744","accountId":"sK8K3TibZHRLFrQid","dataContext":{"account":{"_id":"sK8K3TibZHRLFrQid","dataStoreId":"Wb5ioM5g5f3RuYqzp","projectId":"Mn7pkAGvfCrGGTYT5","projectVersionId":"pq6BP5yukdnwZwT42","dateCreated":"2015-05-30T12:33:45.080Z","createdBy":"6ordz9pgLnjHyYMmg","dateModified":"2015-05-30T14:35:27.287Z","modifiedBy":"6ordz9pgLnjHyYMmg","email":"demo@gmail.com","password":"Password1","name":"Demo Admin","enrolled":true}},"status":5,"pid":33957,"resultCode":1,"result":null},
{"_id":"hr59n7jyZPWGFGQBR","projectId":"Mn7pkAGvfCrGGTYT5","projectVersionId":"pq6BP5yukdnwZwT42","testResultId":"otRD87Ggiq2AZwBwk","testCaseRoleId":"7ba2dc07f7187b94f93fad6c","testSystemId":"b15ec2dc3193238dc660d1b0","testAgentId":"f96266330cdc96e1f655b744","accountId":"sK8K3TibZHRLFrQid","dataContext":{"account":{"_id":"sK8K3TibZHRLFrQid","dataStoreId":"Wb5ioM5g5f3RuYqzp","projectId":"Mn7pkAGvfCrGGTYT5","projectVersionId":"pq6BP5yukdnwZwT42","dateCreated":"2015-05-30T12:33:45.080Z","createdBy":"6ordz9pgLnjHyYMmg","dateModified":"2015-05-30T14:35:27.287Z","modifiedBy":"6ordz9pgLnjHyYMmg","email":"demo@gmail.com","password":"Password1","name":"Demo Admin","enrolled":true}},"status":5,"pid":75183,"resultCode":0,"result":{"error":{"message":"node-not-ready","name":"Error","stack":"Error: node-not-ready<br>    at ValidateNode (/Users/austinsand/Workspace/doc-roba/automation/roba_test_role.js:533:36)<br>    at ExecuteActionStep (/Users/austinsand/Workspace/doc-roba/automation/roba_test_role.js:342:14)<br>    at ExecuteTestRole (/Users/austinsand/Workspace/doc-roba/automation/roba_test_role.js:213:19)<br>    at RobaContext.testResultRoleId (/Users/austinsand/Workspace/doc-roba/automation/roba_test_role.js:77:5)<br>    at /Users/austinsand/Workspace/doc-roba/automation/node_modules/fibers/future.js:438:21"}}},
{"_id":"TzzWQdhMjKr8fZ2EE","projectId":"Mn7pkAGvfCrGGTYT5","projectVersionId":"pq6BP5yukdnwZwT42","testResultId":"yDMQckGpGQW5nz5EY","testCaseRoleId":"7ba2dc07f7187b94f93fad6c","testSystemId":"b15ec2dc3193238dc660d1b0","testAgentId":"f96266330cdc96e1f655b744","accountId":"sK8K3TibZHRLFrQid","dataContext":{"account":{"_id":"sK8K3TibZHRLFrQid","dataStoreId":"Wb5ioM5g5f3RuYqzp","projectId":"Mn7pkAGvfCrGGTYT5","projectVersionId":"pq6BP5yukdnwZwT42","dateCreated":"2015-05-30T12:33:45.080Z","createdBy":"6ordz9pgLnjHyYMmg","dateModified":"2015-05-30T14:35:27.287Z","modifiedBy":"6ordz9pgLnjHyYMmg","email":"demo@gmail.com","password":"Password1","name":"Demo Admin","enrolled":true}},"status":5,"pid":15982,"resultCode":0,"result":{"error":{"message":"node-not-ready","name":"Error","stack":"Error: node-not-ready<br>    at ValidateNode (/Users/austinsand/Workspace/doc-roba/automation/roba_test_role.js:533:36)<br>    at ExecuteActionStep (/Users/austinsand/Workspace/doc-roba/automation/roba_test_role.js:342:14)<br>    at ExecuteTestRole (/Users/austinsand/Workspace/doc-roba/automation/roba_test_role.js:213:19)<br>    at RobaContext.testResultRoleId (/Users/austinsand/Workspace/doc-roba/automation/roba_test_role.js:77:5)<br>    at /Users/austinsand/Workspace/doc-roba/automation/node_modules/fibers/future.js:438:21"}}}
]
