[
{"_id":"htDd5267E2x5pF7uY","title":"Name","dataKey":"name","type":0,"fieldIsArray":false,"order":1,"dataStoreId":"8215bb6cdf9331a622b8ba34","projectId":"Mn7pkAGvfCrGGTYT5","projectVersionId":"pq6BP5yukdnwZwT42","staticId":"d2ecb3a9f8665f1f0ed84add","dateCreated":"2016-08-28T16:28:53.909Z","createdBy":"6ordz9pgLnjHyYMmg","dateModified":"2016-08-28T16:28:53.909Z","modifiedBy":"6ordz9pgLnjHyYMmg"},
{"_id":"Y8znHz48tux3D9JBT","title":"Email","dataKey":"email","type":0,"fieldIsArray":false,"order":2,"dataStoreId":"8215bb6cdf9331a622b8ba34","projectId":"Mn7pkAGvfCrGGTYT5","projectVersionId":"pq6BP5yukdnwZwT42","staticId":"252ca40dc326091413fcd9ee","dateCreated":"2016-08-28T16:28:53.914Z","createdBy":"6ordz9pgLnjHyYMmg","dateModified":"2016-08-28T16:31:48.414Z","modifiedBy":"6ordz9pgLnjHyYMmg"},
{"_id":"3Chba9rtvxTKtJqvA","title":"Name","dataKey":"name","type":0,"fieldIsArray":false,"order":1,"dataStoreId":"5700188a1f8c18b6a860306e","projectId":"Mn7pkAGvfCrGGTYT5","projectVersionId":"pq6BP5yukdnwZwT42","staticId":"3362e2c743089f9718069ec3","dateCreated":"2016-08-28T16:28:53.918Z","createdBy":"6ordz9pgLnjHyYMmg","dateModified":"2016-08-28T16:28:53.918Z","modifiedBy":"6ordz9pgLnjHyYMmg"},
{"_id":"ozdEaB8rzGsMt9FkN","title":"Email","dataKey":"email","type":0,"fieldIsArray":false,"order":2,"dataStoreId":"5700188a1f8c18b6a860306e","projectId":"Mn7pkAGvfCrGGTYT5","projectVersionId":"pq6BP5yukdnwZwT42","staticId":"6b97cf81330b4e2818058bb4","dateCreated":"2016-08-28T16:28:53.922Z","createdBy":"6ordz9pgLnjHyYMmg","dateModified":"2016-08-28T16:28:53.922Z","modifiedBy":"6ordz9pgLnjHyYMmg"},
{"_id":"RKneyMymPND64hQTC","title":"Name","dataKey":"name","type":0,"fieldIsArray":false,"order":1,"dataStoreId":"374efff01095250f0fabd224","projectId":"Mn7pkAGvfCrGGTYT5","projectVersionId":"pq6BP5yukdnwZwT42","staticId":"a1703b278b8ea07e780422a1","dateCreated":"2016-08-28T16:28:53.925Z","createdBy":"6ordz9pgLnjHyYMmg","dateModified":"2016-08-28T16:28:53.925Z","modifiedBy":"6ordz9pgLnjHyYMmg"},
{"_id":"3mpgcwqdgKP5CrNrN","title":"Email","dataKey":"email","type":0,"fieldIsArray":false,"order":2,"dataStoreId":"374efff01095250f0fabd224","projectId":"Mn7pkAGvfCrGGTYT5","projectVersionId":"pq6BP5yukdnwZwT42","staticId":"80a51ca54d45a82ee86a6575","dateCreated":"2016-08-28T16:28:53.928Z","createdBy":"6ordz9pgLnjHyYMmg","dateModified":"2016-08-28T16:28:53.928Z","modifiedBy":"6ordz9pgLnjHyYMmg"},
{"_id":"ADgRvrFwqBgKNxdBz","title":"Contact Info","dataKey":"contact_info","type":4,"fieldIsArray":false,"order":3,"dataStoreId":"8215bb6cdf9331a622b8ba34","projectId":"Mn7pkAGvfCrGGTYT5","projectVersionId":"pq6BP5yukdnwZwT42","staticId":"99ba90f474b54f00a1591d38","dateCreated":"2016-08-28T20:34:07.862Z","createdBy":"6ordz9pgLnjHyYMmg","dateModified":"2016-08-28T20:43:49.165Z","modifiedBy":"6ordz9pgLnjHyYMmg","customFieldType":"355deb242705cbb89d2f4b6e"},
{"_id":"rMxecjRPqNwuGZoWn","title":"Address Required","dataKey":"address_required","type":1,"fieldIsArray":false,"order":1,"dataStoreId":"443930121b9b3003817e0995","projectId":"Mn7pkAGvfCrGGTYT5","projectVersionId":"pq6BP5yukdnwZwT42","staticId":"d712c6123fba7ac4353eedb6","dateCreated":"2016-08-30T09:22:23.125Z","createdBy":"6ordz9pgLnjHyYMmg","dateModified":"2016-08-30T09:26:26.382Z","modifiedBy":"6ordz9pgLnjHyYMmg"},
{"_id":"eg8WzuDkdfZ4sokYq","title":"Hide HP Info","dataKey":"hide_hp_info","type":1,"fieldIsArray":false,"order":2,"dataStoreId":"443930121b9b3003817e0995","projectId":"Mn7pkAGvfCrGGTYT5","projectVersionId":"pq6BP5yukdnwZwT42","staticId":"f4fb36da003b7fa1ef627af0","dateCreated":"2016-08-30T09:22:44.046Z","createdBy":"6ordz9pgLnjHyYMmg","dateModified":"2016-08-30T09:26:35.488Z","modifiedBy":"6ordz9pgLnjHyYMmg"},
{"_id":"mEq264dN7whpWYvo3","title":"Is Good","dataKey":"is_good","type":1,"fieldIsArray":false,"order":3,"dataStoreId":"443930121b9b3003817e0995","projectId":"Mn7pkAGvfCrGGTYT5","projectVersionId":"pq6BP5yukdnwZwT42","staticId":"f216f10ef2567e094c90d59c","dateCreated":"2016-08-30T09:22:53.627Z","createdBy":"6ordz9pgLnjHyYMmg","dateModified":"2016-08-30T09:26:29.676Z","modifiedBy":"6ordz9pgLnjHyYMmg"}
]
