[
{"_id":"htDd5267E2x5pF7uY","title":"Name","dataKey":"name","type":0,"fieldIsArray":false,"order":1,"dataStoreId":"8215bb6cdf9331a622b8ba34","projectId":"Mn7pkAGvfCrGGTYT5","projectVersionId":"pq6BP5yukdnwZwT42","staticId":"d2ecb3a9f8665f1f0ed84add","dateCreated":"2016-09-02T18:48:36.929Z","createdBy":"6ordz9pgLnjHyYMmg","dateModified":"2016-09-02T18:48:36.929Z","modifiedBy":"6ordz9pgLnjHyYMmg"},
{"_id":"Y8znHz48tux3D9JBT","title":"Email","dataKey":"email","type":0,"fieldIsArray":false,"order":2,"dataStoreId":"8215bb6cdf9331a622b8ba34","projectId":"Mn7pkAGvfCrGGTYT5","projectVersionId":"pq6BP5yukdnwZwT42","staticId":"252ca40dc326091413fcd9ee","dateCreated":"2016-09-02T18:48:36.933Z","createdBy":"6ordz9pgLnjHyYMmg","dateModified":"2016-09-02T18:48:36.933Z","modifiedBy":"6ordz9pgLnjHyYMmg"},
{"_id":"3Chba9rtvxTKtJqvA","title":"Name","dataKey":"name","type":0,"fieldIsArray":false,"order":1,"dataStoreId":"5700188a1f8c18b6a860306e","projectId":"Mn7pkAGvfCrGGTYT5","projectVersionId":"pq6BP5yukdnwZwT42","staticId":"3362e2c743089f9718069ec3","dateCreated":"2016-09-02T18:48:36.936Z","createdBy":"6ordz9pgLnjHyYMmg","dateModified":"2016-09-02T18:48:36.937Z","modifiedBy":"6ordz9pgLnjHyYMmg"},
{"_id":"ozdEaB8rzGsMt9FkN","title":"Email","dataKey":"email","type":0,"fieldIsArray":false,"order":2,"dataStoreId":"5700188a1f8c18b6a860306e","projectId":"Mn7pkAGvfCrGGTYT5","projectVersionId":"pq6BP5yukdnwZwT42","staticId":"6b97cf81330b4e2818058bb4","dateCreated":"2016-09-02T18:48:36.940Z","createdBy":"6ordz9pgLnjHyYMmg","dateModified":"2016-09-02T18:48:36.940Z","modifiedBy":"6ordz9pgLnjHyYMmg"},
{"_id":"RKneyMymPND64hQTC","title":"Name","dataKey":"name","type":0,"fieldIsArray":false,"order":1,"dataStoreId":"374efff01095250f0fabd224","projectId":"Mn7pkAGvfCrGGTYT5","projectVersionId":"pq6BP5yukdnwZwT42","staticId":"a1703b278b8ea07e780422a1","dateCreated":"2016-09-02T18:48:36.945Z","createdBy":"6ordz9pgLnjHyYMmg","dateModified":"2016-09-02T18:48:36.945Z","modifiedBy":"6ordz9pgLnjHyYMmg"},
{"_id":"3mpgcwqdgKP5CrNrN","title":"Email","dataKey":"email","type":0,"fieldIsArray":false,"order":2,"dataStoreId":"374efff01095250f0fabd224","projectId":"Mn7pkAGvfCrGGTYT5","projectVersionId":"pq6BP5yukdnwZwT42","staticId":"80a51ca54d45a82ee86a6575","dateCreated":"2016-09-02T18:48:36.948Z","createdBy":"6ordz9pgLnjHyYMmg","dateModified":"2016-09-02T18:48:36.948Z","modifiedBy":"6ordz9pgLnjHyYMmg"},
{"_id":"rMxecjRPqNwuGZoWn","title":"Address Required","dataKey":"address_required","type":1,"fieldIsArray":false,"order":1,"dataStoreId":"443930121b9b3003817e0995","projectId":"Mn7pkAGvfCrGGTYT5","projectVersionId":"pq6BP5yukdnwZwT42","staticId":"d712c6123fba7ac4353eedb6","dateCreated":"2016-09-02T18:48:36.962Z","createdBy":"6ordz9pgLnjHyYMmg","dateModified":"2016-09-03T09:56:27.789Z","modifiedBy":"6ordz9pgLnjHyYMmg","defaultValue":"false"},
{"_id":"eg8WzuDkdfZ4sokYq","title":"Hide HP Info","dataKey":"hide_hp_info","type":1,"fieldIsArray":false,"order":2,"dataStoreId":"443930121b9b3003817e0995","projectId":"Mn7pkAGvfCrGGTYT5","projectVersionId":"pq6BP5yukdnwZwT42","staticId":"f4fb36da003b7fa1ef627af0","dateCreated":"2016-09-02T18:48:36.965Z","createdBy":"6ordz9pgLnjHyYMmg","dateModified":"2016-09-03T09:56:31.026Z","modifiedBy":"6ordz9pgLnjHyYMmg","defaultValue":"false"},
{"_id":"mEq264dN7whpWYvo3","title":"Is Good","dataKey":"is_good","type":1,"fieldIsArray":false,"order":3,"dataStoreId":"443930121b9b3003817e0995","projectId":"Mn7pkAGvfCrGGTYT5","projectVersionId":"pq6BP5yukdnwZwT42","staticId":"f216f10ef2567e094c90d59c","dateCreated":"2016-09-02T18:48:36.969Z","createdBy":"6ordz9pgLnjHyYMmg","dateModified":"2016-09-03T09:56:33.323Z","modifiedBy":"6ordz9pgLnjHyYMmg","defaultValue":"true"},
{"_id":"5njDiGnXztsA9uEXG","title":"Contact Info","dataKey":"contact_info","type":4,"fieldIsArray":true,"order":3,"dataStoreId":"374efff01095250f0fabd224","projectId":"Mn7pkAGvfCrGGTYT5","projectVersionId":"pq6BP5yukdnwZwT42","staticId":"4f08322fba028cc649c273b8","dateCreated":"2016-09-02T18:57:02.812Z","createdBy":"6ordz9pgLnjHyYMmg","dateModified":"2016-09-02T19:53:42.232Z","modifiedBy":"6ordz9pgLnjHyYMmg","dataTypeId":"c582d4f5e3e61987128e4b65"},
{"_id":"iKXCXNGxc52ihqEoZ","title":"Password","dataKey":"password","type":0,"fieldIsArray":false,"order":3,"dataStoreId":"8215bb6cdf9331a622b8ba34","projectId":"Mn7pkAGvfCrGGTYT5","projectVersionId":"pq6BP5yukdnwZwT42","staticId":"eba3d9cb8cc3991152e3b5d4","dateCreated":"2016-09-11T11:34:18.318Z","createdBy":"6ordz9pgLnjHyYMmg","dateModified":"2016-09-11T11:34:21.987Z","modifiedBy":"6ordz9pgLnjHyYMmg"}
]
