[
{"_id":"TnqGFH3rnQhtPjcwH","title":"Email","dataKey":"email","type":0,"order":1,"dataStoreId":"Wb5ioM5g5f3RuYqzp","projectId":"Mn7pkAGvfCrGGTYT5","projectVersionId":"pq6BP5yukdnwZwT42","createdBy":"6ordz9pgLnjHyYMmg","modifiedBy":"6ordz9pgLnjHyYMmg","fieldIsArray":false,"dateCreated":"2016-08-16T10:41:19.146Z","dateModified":"2016-08-27T21:23:28.062Z"},
{"_id":"dMPcfehwscrkH5GA3","title":"Password","dataKey":"password","type":0,"order":2,"dataStoreId":"Wb5ioM5g5f3RuYqzp","projectId":"Mn7pkAGvfCrGGTYT5","projectVersionId":"pq6BP5yukdnwZwT42","createdBy":"6ordz9pgLnjHyYMmg","modifiedBy":"6ordz9pgLnjHyYMmg","fieldIsArray":false,"dateCreated":"2016-08-16T10:41:19.198Z","dateModified":"2016-08-27T21:23:28.116Z"},
{"_id":"EhqK9wwSJsXkCQvMq","title":"Name","dataKey":"name","type":0,"order":3,"dataStoreId":"Wb5ioM5g5f3RuYqzp","projectId":"Mn7pkAGvfCrGGTYT5","projectVersionId":"pq6BP5yukdnwZwT42","createdBy":"6ordz9pgLnjHyYMmg","modifiedBy":"6ordz9pgLnjHyYMmg","fieldIsArray":false,"dateCreated":"2016-08-16T10:41:19.202Z","dateModified":"2016-08-16T10:41:19.203Z"},
{"_id":"j5CBFghu5yRwnkAbs","title":"Enrolled","dataKey":"enrolled","type":1,"order":4,"dataStoreId":"Wb5ioM5g5f3RuYqzp","projectId":"Mn7pkAGvfCrGGTYT5","projectVersionId":"pq6BP5yukdnwZwT42","createdBy":"6ordz9pgLnjHyYMmg","modifiedBy":"6ordz9pgLnjHyYMmg","fieldIsArray":false,"dateCreated":"2016-08-16T10:41:19.207Z","dateModified":"2016-08-16T10:41:19.207Z"},
{"_id":"EqeP9ATgXagFf3cqj","title":"Email","dataKey":"email","type":0,"order":1,"dataStoreId":"hL5A4ZEJeB88tytMT","projectId":"Mn7pkAGvfCrGGTYT5","projectVersionId":"pq6BP5yukdnwZwT42","createdBy":"6ordz9pgLnjHyYMmg","modifiedBy":"6ordz9pgLnjHyYMmg","fieldIsArray":false,"dateCreated":"2016-08-16T10:41:19.210Z","dateModified":"2016-08-16T10:41:19.210Z"},
{"_id":"TZkM3iu5owxYnT9eP","title":"Password","dataKey":"password","type":0,"order":2,"dataStoreId":"hL5A4ZEJeB88tytMT","projectId":"Mn7pkAGvfCrGGTYT5","projectVersionId":"pq6BP5yukdnwZwT42","createdBy":"6ordz9pgLnjHyYMmg","modifiedBy":"6ordz9pgLnjHyYMmg","fieldIsArray":false,"dateCreated":"2016-08-16T10:41:19.216Z","dateModified":"2016-08-16T10:41:19.216Z"},
{"_id":"Tpnxc6i9ek7K7d7JF","title":"Name","dataKey":"name","type":0,"order":3,"dataStoreId":"hL5A4ZEJeB88tytMT","projectId":"Mn7pkAGvfCrGGTYT5","projectVersionId":"pq6BP5yukdnwZwT42","createdBy":"6ordz9pgLnjHyYMmg","modifiedBy":"6ordz9pgLnjHyYMmg","fieldIsArray":false,"dateCreated":"2016-08-16T10:41:19.219Z","dateModified":"2016-08-16T10:41:19.219Z"},
{"_id":"vykXsYjjaBktXFQLK","title":"Enrolled","dataKey":"enrolled","type":1,"order":4,"dataStoreId":"hL5A4ZEJeB88tytMT","projectId":"Mn7pkAGvfCrGGTYT5","projectVersionId":"pq6BP5yukdnwZwT42","createdBy":"6ordz9pgLnjHyYMmg","modifiedBy":"6ordz9pgLnjHyYMmg","fieldIsArray":false,"dateCreated":"2016-08-16T10:41:19.224Z","dateModified":"2016-08-16T10:41:19.224Z"},
{"_id":"ZTfMA7rDhZQxyhQor","title":"Email","dataKey":"email","type":0,"order":1,"dataStoreId":"n2RRaGSDvbouTdTTY","projectId":"Mn7pkAGvfCrGGTYT5","projectVersionId":"pq6BP5yukdnwZwT42","createdBy":"6ordz9pgLnjHyYMmg","modifiedBy":"6ordz9pgLnjHyYMmg","fieldIsArray":false,"dateCreated":"2016-08-16T10:41:19.230Z","dateModified":"2016-08-16T10:41:19.231Z"},
{"_id":"3xDzkpDKhvww8rgRW","title":"Password","dataKey":"password","type":0,"order":2,"dataStoreId":"n2RRaGSDvbouTdTTY","projectId":"Mn7pkAGvfCrGGTYT5","projectVersionId":"pq6BP5yukdnwZwT42","createdBy":"6ordz9pgLnjHyYMmg","modifiedBy":"6ordz9pgLnjHyYMmg","fieldIsArray":false,"dateCreated":"2016-08-16T10:41:19.241Z","dateModified":"2016-08-16T10:41:19.241Z"},
{"_id":"FozpjuT93PEjWTSNg","title":"Name","dataKey":"name","type":0,"order":3,"dataStoreId":"n2RRaGSDvbouTdTTY","projectId":"Mn7pkAGvfCrGGTYT5","projectVersionId":"pq6BP5yukdnwZwT42","createdBy":"6ordz9pgLnjHyYMmg","modifiedBy":"6ordz9pgLnjHyYMmg","fieldIsArray":false,"dateCreated":"2016-08-16T10:41:19.244Z","dateModified":"2016-08-16T10:41:19.244Z"},
{"_id":"Ei6BRz7ixfARG8dEb","title":"Enrolled","dataKey":"enrolled","type":1,"order":4,"dataStoreId":"n2RRaGSDvbouTdTTY","projectId":"Mn7pkAGvfCrGGTYT5","projectVersionId":"pq6BP5yukdnwZwT42","createdBy":"6ordz9pgLnjHyYMmg","modifiedBy":"6ordz9pgLnjHyYMmg","fieldIsArray":false,"dateCreated":"2016-08-16T10:41:19.249Z","dateModified":"2016-08-16T10:41:19.250Z"},
{"_id":"qCywnXBFQTYhoJTcQ","title":"Is Good","dataKey":"is_good","type":1,"fieldIsArray":false,"order":2,"dataStoreId":"C45SNKLz5i3zNqakh","projectId":"Mn7pkAGvfCrGGTYT5","projectVersionId":"pq6BP5yukdnwZwT42","dateCreated":"2016-08-16T10:41:19.253Z","createdBy":"6ordz9pgLnjHyYMmg","dateModified":"2016-08-16T10:41:19.253Z","modifiedBy":"6ordz9pgLnjHyYMmg","defaultValue":"true"},
{"_id":"dLRNFqmzAFojHeXxT","title":"Address Required","dataKey":"address_required","type":1,"fieldIsArray":false,"order":1,"dataStoreId":"C45SNKLz5i3zNqakh","projectId":"Mn7pkAGvfCrGGTYT5","projectVersionId":"pq6BP5yukdnwZwT42","dateCreated":"2016-08-16T10:41:19.260Z","createdBy":"6ordz9pgLnjHyYMmg","dateModified":"2016-08-16T10:41:19.260Z","modifiedBy":"6ordz9pgLnjHyYMmg"},
{"_id":"MqbkcD4miuYRorWFm","title":"Hide HP Info","dataKey":"hide_hp_info","type":1,"fieldIsArray":false,"order":3,"dataStoreId":"C45SNKLz5i3zNqakh","projectId":"Mn7pkAGvfCrGGTYT5","projectVersionId":"pq6BP5yukdnwZwT42","dateCreated":"2016-08-16T10:41:19.263Z","createdBy":"6ordz9pgLnjHyYMmg","dateModified":"2016-08-16T10:41:19.263Z","modifiedBy":"6ordz9pgLnjHyYMmg"},
{"_id":"shEvDGjDTZD3YgbgW","title":"Face","dataKey":"face","type":0,"fieldIsArray":false,"order":1,"dataStoreId":"pQPcgeexrk6PKXxMn","projectId":"Mn7pkAGvfCrGGTYT5","projectVersionId":"pq6BP5yukdnwZwT42","dateCreated":"2016-08-21T22:33:56.003Z","createdBy":"6ordz9pgLnjHyYMmg","dateModified":"2016-08-21T22:33:58.843Z","modifiedBy":"6ordz9pgLnjHyYMmg"}
]
