[
{"_id":"khZL9P2RtrZen7dLS","projectId":"Mn7pkAGvfCrGGTYT5","projectVersionId":"pq6BP5yukdnwZwT42","title":"ChromeBook","type":0,"hostname":"10.0.1.121","port":"4444","active":false,"order":0,"staticId":"1d7d8cafead4ef9e72d0e0c6","config":{},"status":0,"testAgents":["fc5c51cff299b3e1301ad861"]},
{"_id":"BsFxupsMcrCBZhwj6","projectId":"Mn7pkAGvfCrGGTYT5","projectVersionId":"pq6BP5yukdnwZwT42","title":"MacBook Pro","type":0,"hostname":"localhost","port":"4444","active":true,"order":1,"staticId":"b15ec2dc3193238dc660d1b0","config":{},"status":0,"testAgents":["f96266330cdc96e1f655b744"]}
]
