[
{"createdByTransform":true,"_id":"vyg3hk8sWRrA7mvRr","original":{"name":"1437354443562.png","type":"image/png","size":28583},"uploadedAt":"2015-07-20T01:07:23.982Z","testRoleResultId":"FgCQZqjQTd2QA4eey","projectId":"Mn7pkAGvfCrGGTYT5","projectVersionId":"pq6BP5yukdnwZwT42","testAgentId":"fc5c51cff299b3e1301ad861","serverId":"549281d4aef2655d647e9370","testResultId":"GuaM6hDDkRcsFt2Cu","testStepResultId":"DDeBmCAxtoKcBbMGT","actionId":"ccf622bffe5f15abea5fd8e2","pass":true,"key":"afterAction","copies":{"screenshots":{"name":"1437354443562.png","type":"image/png","size":28583,"key":"screenshots-vyg3hk8sWRrA7mvRr-1437354443562.png","updatedAt":"2015-07-20T01:07:24.000Z","createdAt":"2015-07-20T01:07:24.000Z"},"thumbs":{"name":"1437354443562.png","type":"image/png","size":4277,"key":"screenshots-vyg3hk8sWRrA7mvRr-1437354443562.png","updatedAt":"2015-07-20T01:07:24.000Z","createdAt":"2015-07-20T01:07:24.000Z"}},"collectionName":"screenshots"},
{"createdByTransform":true,"_id":"wsfNgFuYFARqH3Xuq","original":{"name":"1437354444295.png","type":"image/png","size":28583},"uploadedAt":"2015-07-20T01:07:24.512Z","testRoleResultId":"FgCQZqjQTd2QA4eey","projectId":"Mn7pkAGvfCrGGTYT5","projectVersionId":"pq6BP5yukdnwZwT42","testAgentId":"fc5c51cff299b3e1301ad861","serverId":"549281d4aef2655d647e9370","testResultId":"GuaM6hDDkRcsFt2Cu","testStepResultId":"DDeBmCAxtoKcBbMGT","actionId":"ccf622bffe5f15abea5fd8e2","pass":true,"nodeId":"12f006a57b1f1d0606763117","key":"afterLoad","copies":{"screenshots":{"name":"1437354444295.png","type":"image/png","size":28583,"key":"screenshots-wsfNgFuYFARqH3Xuq-1437354444295.png","updatedAt":"2015-07-20T01:07:24.000Z","createdAt":"2015-07-20T01:07:24.000Z"},"thumbs":{"name":"1437354444295.png","type":"image/png","size":4277,"key":"screenshots-wsfNgFuYFARqH3Xuq-1437354444295.png","updatedAt":"2015-07-20T01:07:24.000Z","createdAt":"2015-07-20T01:07:24.000Z"}},"collectionName":"screenshots"},
{"createdByTransform":true,"_id":"732TeFa8MpqGXfgj9","original":{"name":"1437354437750.png","type":"image/png","size":90996},"testRoleResultId":"FgCQZqjQTd2QA4eey","projectId":"Mn7pkAGvfCrGGTYT5","projectVersionId":"pq6BP5yukdnwZwT42","testAgentId":"fc5c51cff299b3e1301ad861","serverId":"549281d4aef2655d647e9370","testResultId":"GuaM6hDDkRcsFt2Cu","testStepResultId":"urAfTtNCBphDsGibL","nodeId":"64f31b7d83f62dcc3b3ebfa7","pass":[true,false],"key":"afterLoad","uploadedAt":"2015-07-20T01:07:18.364Z","copies":{"screenshots":{"name":"1437354437750.png","type":"image/png","size":90996,"key":"screenshots-732TeFa8MpqGXfgj9-1437354437750.png","updatedAt":"2015-07-20T01:07:18.000Z","createdAt":"2015-07-20T01:07:18.000Z"},"thumbs":{"name":"1437354437750.png","type":"image/png","size":13659,"key":"screenshots-732TeFa8MpqGXfgj9-1437354437750.png","updatedAt":"2015-07-20T01:07:18.000Z","createdAt":"2015-07-20T01:07:18.000Z"}},"collectionName":"screenshots"},
{"createdByTransform":true,"_id":"KLHjCxjnBu8wNdcEm","original":{"name":"1437354439490.png","type":"image/png","size":90822},"testRoleResultId":"FgCQZqjQTd2QA4eey","projectId":"Mn7pkAGvfCrGGTYT5","projectVersionId":"pq6BP5yukdnwZwT42","testAgentId":"fc5c51cff299b3e1301ad861","serverId":"549281d4aef2655d647e9370","testResultId":"GuaM6hDDkRcsFt2Cu","testStepResultId":"3bfXs36yLW3CMPzhq","actionId":"e0f815ee2211e1f8383e0543","pass":true,"key":"afterAction","uploadedAt":"2015-07-20T01:07:19.916Z","copies":{"screenshots":{"name":"1437354439490.png","type":"image/png","size":90822,"key":"screenshots-KLHjCxjnBu8wNdcEm-1437354439490.png","updatedAt":"2015-07-20T01:07:19.000Z","createdAt":"2015-07-20T01:07:19.000Z"},"thumbs":{"name":"1437354439490.png","type":"image/png","size":13704,"key":"screenshots-KLHjCxjnBu8wNdcEm-1437354439490.png","updatedAt":"2015-07-20T01:07:20.000Z","createdAt":"2015-07-20T01:07:20.000Z"}},"collectionName":"screenshots"},
{"createdByTransform":true,"_id":"kQp4xT6jq8xaBswJZ","original":{"name":"1437354439897.png","type":"image/png","size":75425},"testRoleResultId":"FgCQZqjQTd2QA4eey","projectId":"Mn7pkAGvfCrGGTYT5","projectVersionId":"pq6BP5yukdnwZwT42","testAgentId":"fc5c51cff299b3e1301ad861","serverId":"549281d4aef2655d647e9370","testResultId":"GuaM6hDDkRcsFt2Cu","testStepResultId":"3bfXs36yLW3CMPzhq","actionId":"e0f815ee2211e1f8383e0543","pass":true,"nodeId":"bd9309245d0c66ab3a37670f","key":"afterLoad","uploadedAt":"2015-07-20T01:07:20.279Z","copies":{"screenshots":{"name":"1437354439897.png","type":"image/png","size":75425,"key":"screenshots-kQp4xT6jq8xaBswJZ-1437354439897.png","updatedAt":"2015-07-20T01:07:20.000Z","createdAt":"2015-07-20T01:07:20.000Z"},"thumbs":{"name":"1437354439897.png","type":"image/png","size":10633,"key":"screenshots-kQp4xT6jq8xaBswJZ-1437354439897.png","updatedAt":"2015-07-20T01:07:20.000Z","createdAt":"2015-07-20T01:07:20.000Z"}},"collectionName":"screenshots"},
{"createdByTransform":true,"_id":"WAfEyzjE8Ws8NKEH4","original":{"name":"1437354440544.png","type":"image/png","size":70972},"testRoleResultId":"FgCQZqjQTd2QA4eey","projectId":"Mn7pkAGvfCrGGTYT5","projectVersionId":"pq6BP5yukdnwZwT42","testAgentId":"fc5c51cff299b3e1301ad861","serverId":"549281d4aef2655d647e9370","testResultId":"GuaM6hDDkRcsFt2Cu","testStepResultId":"fDLCrf3mtgx2dur3i","actionId":"709f10c37cd3805723d2c98b","pass":true,"key":"afterAction","uploadedAt":"2015-07-20T01:07:20.930Z","copies":{"screenshots":{"name":"1437354440544.png","type":"image/png","size":70972,"key":"screenshots-WAfEyzjE8Ws8NKEH4-1437354440544.png","updatedAt":"2015-07-20T01:07:21.000Z","createdAt":"2015-07-20T01:07:21.000Z"},"thumbs":{"name":"1437354440544.png","type":"image/png","size":9831,"key":"screenshots-WAfEyzjE8Ws8NKEH4-1437354440544.png","updatedAt":"2015-07-20T01:07:21.000Z","createdAt":"2015-07-20T01:07:21.000Z"}},"collectionName":"screenshots"},
{"createdByTransform":true,"_id":"8cdJuB9m5DTHmGfbz","original":{"name":"1437354441313.png","type":"image/png","size":29304},"testRoleResultId":"FgCQZqjQTd2QA4eey","projectId":"Mn7pkAGvfCrGGTYT5","projectVersionId":"pq6BP5yukdnwZwT42","testAgentId":"fc5c51cff299b3e1301ad861","serverId":"549281d4aef2655d647e9370","testResultId":"GuaM6hDDkRcsFt2Cu","testStepResultId":"fDLCrf3mtgx2dur3i","actionId":"709f10c37cd3805723d2c98b","pass":true,"nodeId":"12f006a57b1f1d0606763117","key":"afterLoad","uploadedAt":"2015-07-20T01:07:21.649Z","copies":{"screenshots":{"name":"1437354441313.png","type":"image/png","size":29304,"key":"screenshots-8cdJuB9m5DTHmGfbz-1437354441313.png","updatedAt":"2015-07-20T01:07:21.000Z","createdAt":"2015-07-20T01:07:21.000Z"},"thumbs":{"name":"1437354441313.png","type":"image/png","size":4282,"key":"screenshots-8cdJuB9m5DTHmGfbz-1437354441313.png","updatedAt":"2015-07-20T01:07:21.000Z","createdAt":"2015-07-20T01:07:21.000Z"}},"collectionName":"screenshots"},
{"createdByTransform":true,"_id":"KCtZ7mK9hbXYNQDzg","original":{"name":"1437354441585.png","type":"image/png","size":28583},"testRoleResultId":"FgCQZqjQTd2QA4eey","projectId":"Mn7pkAGvfCrGGTYT5","projectVersionId":"pq6BP5yukdnwZwT42","testAgentId":"fc5c51cff299b3e1301ad861","serverId":"549281d4aef2655d647e9370","testResultId":"GuaM6hDDkRcsFt2Cu","testStepResultId":"fDLCrf3mtgx2dur3i","actionId":"f5c956e22a36acb637582b23","pass":true,"nodeId":"12f006a57b1f1d0606763117","key":"afterAction","uploadedAt":"2015-07-20T01:07:21.972Z","copies":{"screenshots":{"name":"1437354441585.png","type":"image/png","size":28583,"key":"screenshots-KCtZ7mK9hbXYNQDzg-1437354441585.png","updatedAt":"2015-07-20T01:07:22.000Z","createdAt":"2015-07-20T01:07:22.000Z"},"thumbs":{"name":"1437354441585.png","type":"image/png","size":4277,"key":"screenshots-KCtZ7mK9hbXYNQDzg-1437354441585.png","updatedAt":"2015-07-20T01:07:22.000Z","createdAt":"2015-07-20T01:07:22.000Z"}},"collectionName":"screenshots"},
{"createdByTransform":true,"_id":"mRiTxCW5wvvz3Wn7c","original":{"name":"1437354441935.png","type":"image/png","size":28583},"testRoleResultId":"FgCQZqjQTd2QA4eey","projectId":"Mn7pkAGvfCrGGTYT5","projectVersionId":"pq6BP5yukdnwZwT42","testAgentId":"fc5c51cff299b3e1301ad861","serverId":"549281d4aef2655d647e9370","testResultId":"GuaM6hDDkRcsFt2Cu","testStepResultId":"fDLCrf3mtgx2dur3i","actionId":"f5c956e22a36acb637582b23","pass":true,"nodeId":"991c2ea1ff8bbc3ac405cd64","key":"afterLoad","uploadedAt":"2015-07-20T01:07:22.322Z","copies":{"screenshots":{"name":"1437354441935.png","type":"image/png","size":28583,"key":"screenshots-mRiTxCW5wvvz3Wn7c-1437354441935.png","updatedAt":"2015-07-20T01:07:22.000Z","createdAt":"2015-07-20T01:07:22.000Z"},"thumbs":{"name":"1437354441935.png","type":"image/png","size":4277,"key":"screenshots-mRiTxCW5wvvz3Wn7c-1437354441935.png","updatedAt":"2015-07-20T01:07:22.000Z","createdAt":"2015-07-20T01:07:22.000Z"}},"collectionName":"screenshots"},
{"createdByTransform":true,"_id":"csK5TJJZHvTHNmPAZ","original":{"name":"1437354442221.png","type":"image/png","size":28583},"testRoleResultId":"FgCQZqjQTd2QA4eey","projectId":"Mn7pkAGvfCrGGTYT5","projectVersionId":"pq6BP5yukdnwZwT42","testAgentId":"fc5c51cff299b3e1301ad861","serverId":"549281d4aef2655d647e9370","testResultId":"GuaM6hDDkRcsFt2Cu","testStepResultId":"fDLCrf3mtgx2dur3i","actionId":"d3f6f0e9df102f33f7cca47f","pass":true,"nodeId":"991c2ea1ff8bbc3ac405cd64","key":"afterAction","uploadedAt":"2015-07-20T01:07:22.851Z","copies":{"screenshots":{"name":"1437354442221.png","type":"image/png","size":28583,"key":"screenshots-csK5TJJZHvTHNmPAZ-1437354442221.png","updatedAt":"2015-07-20T01:07:23.000Z","createdAt":"2015-07-20T01:07:23.000Z"},"thumbs":{"name":"1437354442221.png","type":"image/png","size":4277,"key":"screenshots-csK5TJJZHvTHNmPAZ-1437354442221.png","updatedAt":"2015-07-20T01:07:23.000Z","createdAt":"2015-07-20T01:07:23.000Z"}},"collectionName":"screenshots"},
{"createdByTransform":true,"_id":"WBYFDAE7MXz4bShxX","original":{"name":"1437354443143.png","type":"image/png","size":28583},"testRoleResultId":"FgCQZqjQTd2QA4eey","projectId":"Mn7pkAGvfCrGGTYT5","projectVersionId":"pq6BP5yukdnwZwT42","testAgentId":"fc5c51cff299b3e1301ad861","serverId":"549281d4aef2655d647e9370","testResultId":"GuaM6hDDkRcsFt2Cu","testStepResultId":"GTyoKKhPF8wCF5Gch","nodeId":"62462e95800e4fd1ba23f27b","pass":true,"key":"afterLoad","uploadedAt":"2015-07-20T01:07:23.503Z","copies":{"screenshots":{"name":"1437354443143.png","type":"image/png","size":28583,"key":"screenshots-WBYFDAE7MXz4bShxX-1437354443143.png","updatedAt":"2015-07-20T01:07:23.000Z","createdAt":"2015-07-20T01:07:23.000Z"},"thumbs":{"name":"1437354443143.png","type":"image/png","size":4277,"key":"screenshots-WBYFDAE7MXz4bShxX-1437354443143.png","updatedAt":"2015-07-20T01:07:23.000Z","createdAt":"2015-07-20T01:07:23.000Z"}},"collectionName":"screenshots"},
{"createdByTransform":true,"_id":"4Z5RsuNXXohLq32uN","original":{"name":"1447331870534.png","type":"image/png","size":148732},"testResultRoleId":"9TcMiiBKRr8DwR7yR","projectId":"Mn7pkAGvfCrGGTYT5","projectVersionId":"pq6BP5yukdnwZwT42","testAgentId":"f96266330cdc96e1f655b744","serverId":"549281d4aef2655d647e9370","testResultId":"6LNA9d8LnxdrafQ84","testResultStepId":"g38S7fufujWQBq3rq","nodeId":"64f31b7d83f62dcc3b3ebfa7","pass":[true,false],"key":"afterLoad","uploadedAt":"2015-11-12T12:37:51.226Z","copies":{"screenshots":{"name":"1447331870534.png","type":"image/png","size":148732,"key":"screenshots-4Z5RsuNXXohLq32uN-1447331870534.png","updatedAt":"2015-11-12T12:37:51.000Z","createdAt":"2015-11-12T12:37:51.000Z"},"thumbs":{"name":"1447331870534.png","type":"image/png","size":12645,"key":"screenshots-4Z5RsuNXXohLq32uN-1447331870534.png","updatedAt":"2015-11-12T12:37:51.000Z","createdAt":"2015-11-12T12:37:51.000Z"}},"collectionName":"screenshots"},
{"createdByTransform":true,"_id":"X2T2g8gAdL52xp2PE","original":{"name":"1447331872046.png","type":"image/png","size":151428},"testResultRoleId":"9TcMiiBKRr8DwR7yR","projectId":"Mn7pkAGvfCrGGTYT5","projectVersionId":"pq6BP5yukdnwZwT42","testAgentId":"f96266330cdc96e1f655b744","serverId":"549281d4aef2655d647e9370","testResultId":"6LNA9d8LnxdrafQ84","testResultStepId":"oBFmELdcq8v4PTgk3","actionId":"e0f815ee2211e1f8383e0543","pass":true,"key":"afterAction","uploadedAt":"2015-11-12T12:37:52.467Z","copies":{"screenshots":{"name":"1447331872046.png","type":"image/png","size":151428,"key":"screenshots-X2T2g8gAdL52xp2PE-1447331872046.png","updatedAt":"2015-11-12T12:37:52.000Z","createdAt":"2015-11-12T12:37:52.000Z"},"thumbs":{"name":"1447331872046.png","type":"image/png","size":12266,"key":"screenshots-X2T2g8gAdL52xp2PE-1447331872046.png","updatedAt":"2015-11-12T12:37:53.000Z","createdAt":"2015-11-12T12:37:53.000Z"}},"collectionName":"screenshots"},
{"createdByTransform":true,"_id":"BegyPe2fQJgtDtiuM","original":{"name":"1447331885855.png","type":"image/png","size":34670},"uploadedAt":"2015-11-12T12:38:06.149Z","testResultRoleId":"9TcMiiBKRr8DwR7yR","projectId":"Mn7pkAGvfCrGGTYT5","projectVersionId":"pq6BP5yukdnwZwT42","testAgentId":"f96266330cdc96e1f655b744","serverId":"549281d4aef2655d647e9370","testResultId":"6LNA9d8LnxdrafQ84","testResultStepId":"zaeix2P78vv7Zpq6Q","nodeId":"12f006a57b1f1d0606763117","pass":false,"key":"afterLoad","copies":{"screenshots":{"name":"1447331885855.png","type":"image/png","size":34670,"key":"screenshots-BegyPe2fQJgtDtiuM-1447331885855.png","updatedAt":"2015-11-12T12:38:06.000Z","createdAt":"2015-11-12T12:38:06.000Z"},"thumbs":{"name":"1447331885855.png","type":"image/png","size":2831,"key":"screenshots-BegyPe2fQJgtDtiuM-1447331885855.png","updatedAt":"2015-11-12T12:38:06.000Z","createdAt":"2015-11-12T12:38:06.000Z"}},"collectionName":"screenshots"},
{"createdByTransform":true,"_id":"7WfBfyfhEdnCLEAs5","original":{"name":"1447538835840.png","type":"image/png","size":148693},"testResultRoleId":"hr59n7jyZPWGFGQBR","projectId":"Mn7pkAGvfCrGGTYT5","projectVersionId":"pq6BP5yukdnwZwT42","testAgentId":"f96266330cdc96e1f655b744","serverId":"549281d4aef2655d647e9370","testResultId":"otRD87Ggiq2AZwBwk","testResultStepId":"rikausEMhpXQ9BCYF","nodeId":"64f31b7d83f62dcc3b3ebfa7","pass":true,"key":"afterLoad","uploadedAt":"2015-11-14T22:07:16.421Z","copies":{"screenshots":{"name":"1447538835840.png","type":"image/png","size":148693,"key":"screenshots-7WfBfyfhEdnCLEAs5-1447538835840.png","updatedAt":"2015-11-14T22:07:16.000Z","createdAt":"2015-11-14T22:07:16.000Z"},"thumbs":{"name":"1447538835840.png","type":"image/png","size":12640,"key":"screenshots-7WfBfyfhEdnCLEAs5-1447538835840.png","updatedAt":"2015-11-14T22:07:16.000Z","createdAt":"2015-11-14T22:07:16.000Z"}},"collectionName":"screenshots"},
{"createdByTransform":true,"_id":"Tfj778g5ZL9KDcv6b","original":{"name":"1447538837415.png","type":"image/png","size":151426},"uploadedAt":"2015-11-14T22:07:17.829Z","copies":{"screenshots":{"name":"1447538837415.png","type":"image/png","size":151426,"key":"screenshots-Tfj778g5ZL9KDcv6b-1447538837415.png","updatedAt":"2015-11-14T22:07:17.000Z","createdAt":"2015-11-14T22:07:17.000Z"},"thumbs":{"name":"1447538837415.png","type":"image/png","size":12284,"key":"screenshots-Tfj778g5ZL9KDcv6b-1447538837415.png","updatedAt":"2015-11-14T22:07:18.000Z","createdAt":"2015-11-14T22:07:18.000Z"}},"testResultRoleId":"hr59n7jyZPWGFGQBR","projectId":"Mn7pkAGvfCrGGTYT5","projectVersionId":"pq6BP5yukdnwZwT42","testAgentId":"f96266330cdc96e1f655b744","serverId":"549281d4aef2655d647e9370","testResultId":"otRD87Ggiq2AZwBwk","testResultStepId":"3LxJmJubPbkAtHY6X","actionId":"e0f815ee2211e1f8383e0543","pass":true,"key":"afterAction","collectionName":"screenshots"},
{"createdByTransform":true,"_id":"sabcvwa3avWZyb2FR","original":{"name":"1447538850767.png","type":"image/png","size":34670},"testResultRoleId":"hr59n7jyZPWGFGQBR","projectId":"Mn7pkAGvfCrGGTYT5","projectVersionId":"pq6BP5yukdnwZwT42","testAgentId":"f96266330cdc96e1f655b744","serverId":"549281d4aef2655d647e9370","testResultId":"otRD87Ggiq2AZwBwk","testResultStepId":"3LxJmJubPbkAtHY6X","actionId":"e0f815ee2211e1f8383e0543","pass":false,"nodeId":"12f006a57b1f1d0606763117","key":"afterLoad","uploadedAt":"2015-11-14T22:07:31.094Z","copies":{"screenshots":{"name":"1447538850767.png","type":"image/png","size":34670,"key":"screenshots-sabcvwa3avWZyb2FR-1447538850767.png","updatedAt":"2015-11-14T22:07:31.000Z","createdAt":"2015-11-14T22:07:31.000Z"},"thumbs":{"name":"1447538850767.png","type":"image/png","size":2831,"key":"screenshots-sabcvwa3avWZyb2FR-1447538850767.png","updatedAt":"2015-11-14T22:07:31.000Z","createdAt":"2015-11-14T22:07:31.000Z"}},"collectionName":"screenshots"},
{"createdByTransform":true,"_id":"FDAm8BwXQc2MHg4HY","original":{"name":"1448243052674.png","type":"image/png","size":148732},"uploadedAt":"2015-11-23T01:44:13.359Z","copies":{"screenshots":{"name":"1448243052674.png","type":"image/png","size":148732,"key":"screenshots-FDAm8BwXQc2MHg4HY-1448243052674.png","updatedAt":"2015-11-23T01:44:13.000Z","createdAt":"2015-11-23T01:44:13.000Z"},"thumbs":{"name":"1448243052674.png","type":"image/png","size":12645,"key":"screenshots-FDAm8BwXQc2MHg4HY-1448243052674.png","updatedAt":"2015-11-23T01:44:14.000Z","createdAt":"2015-11-23T01:44:14.000Z"}},"testResultRoleId":"TzzWQdhMjKr8fZ2EE","projectId":"Mn7pkAGvfCrGGTYT5","projectVersionId":"pq6BP5yukdnwZwT42","testAgentId":"f96266330cdc96e1f655b744","serverId":"549281d4aef2655d647e9370","testResultId":"yDMQckGpGQW5nz5EY","testResultStepId":"zmf4YpJvNpBzbLbF9","nodeId":"64f31b7d83f62dcc3b3ebfa7","pass":[true,false],"key":"afterLoad","collectionName":"screenshots"},
{"createdByTransform":true,"_id":"uugL9nQbYdAMAB5yi","original":{"name":"1448243054403.png","type":"image/png","size":151604},"testResultRoleId":"TzzWQdhMjKr8fZ2EE","projectId":"Mn7pkAGvfCrGGTYT5","projectVersionId":"pq6BP5yukdnwZwT42","testAgentId":"f96266330cdc96e1f655b744","serverId":"549281d4aef2655d647e9370","testResultId":"yDMQckGpGQW5nz5EY","testResultStepId":"NqdP6XkJW8KS7BEpv","actionId":"e0f815ee2211e1f8383e0543","pass":true,"key":"afterAction","uploadedAt":"2015-11-23T01:44:14.927Z","copies":{"screenshots":{"name":"1448243054403.png","type":"image/png","size":151604,"key":"screenshots-uugL9nQbYdAMAB5yi-1448243054403.png","updatedAt":"2015-11-23T01:44:14.000Z","createdAt":"2015-11-23T01:44:14.000Z"},"thumbs":{"name":"1448243054403.png","type":"image/png","size":12275,"key":"screenshots-uugL9nQbYdAMAB5yi-1448243054403.png","updatedAt":"2015-11-23T01:44:15.000Z","createdAt":"2015-11-23T01:44:15.000Z"}},"collectionName":"screenshots"},
{"createdByTransform":true,"_id":"GiEeypxjKPABQWhyd","original":{"name":"1448243061501.png","type":"image/png","size":34670},"testResultRoleId":"TzzWQdhMjKr8fZ2EE","projectId":"Mn7pkAGvfCrGGTYT5","projectVersionId":"pq6BP5yukdnwZwT42","testAgentId":"f96266330cdc96e1f655b744","serverId":"549281d4aef2655d647e9370","testResultId":"yDMQckGpGQW5nz5EY","testResultStepId":"NqdP6XkJW8KS7BEpv","actionId":"e0f815ee2211e1f8383e0543","pass":false,"nodeId":"12f006a57b1f1d0606763117","key":"afterLoad","uploadedAt":"2015-11-23T01:44:21.803Z","copies":{"screenshots":{"name":"1448243061501.png","type":"image/png","size":34670,"key":"screenshots-GiEeypxjKPABQWhyd-1448243061501.png","updatedAt":"2015-11-23T01:44:21.000Z","createdAt":"2015-11-23T01:44:21.000Z"},"thumbs":{"name":"1448243061501.png","type":"image/png","size":2831,"key":"screenshots-GiEeypxjKPABQWhyd-1448243061501.png","updatedAt":"2015-11-23T01:44:22.000Z","createdAt":"2015-11-23T01:44:22.000Z"}},"collectionName":"screenshots"}
]
