[
{"_id":"ZEK2rStnuE8C36B3X","dataStoreId":"374efff01095250f0fabd224","projectId":"Mn7pkAGvfCrGGTYT5","projectVersionId":"pq6BP5yukdnwZwT42","staticId":"27c67f30cbe3ce045d836105","dateCreated":"2016-09-02T19:04:27.804Z","createdBy":"6ordz9pgLnjHyYMmg","dateModified":"2016-09-02T19:30:42.202Z","modifiedBy":"6ordz9pgLnjHyYMmg","name":"Austin Sand","email":"austin.sand@gmail.com","contact_info":[{"address1":"665 Washington St","address_2":"Apt 1708","city":"Boston","state":"MA","zip":"02111","county":"USA"}]},
{"_id":"bvJMv27ziFaegjhkn","dataStoreId":"5700188a1f8c18b6a860306e","projectId":"Mn7pkAGvfCrGGTYT5","projectVersionId":"pq6BP5yukdnwZwT42","staticId":"ad3d9b565585a3b9587089fe","dateCreated":"2016-09-02T19:32:29.179Z","createdBy":"6ordz9pgLnjHyYMmg","dateModified":"2016-09-11T11:03:34.045Z","modifiedBy":"6ordz9pgLnjHyYMmg","name":"Fred Admin","email":"fred@email.com"},
{"_id":"WatjSaYPXqXB8aSJL","dataStoreId":"8215bb6cdf9331a622b8ba34","projectId":"Mn7pkAGvfCrGGTYT5","projectVersionId":"pq6BP5yukdnwZwT42","staticId":"be077a167ae4a1685435c12d","dateCreated":"2016-09-11T11:03:22.629Z","createdBy":"6ordz9pgLnjHyYMmg","dateModified":"2016-09-11T11:34:37.027Z","modifiedBy":"6ordz9pgLnjHyYMmg","name":"Joe Admin","email":"someone@docroba.com","password":"Password1"}
]
