[
{"_id":"ks5tKtGaWzhPsY8Bo","projectId":"Mn7pkAGvfCrGGTYT5","projectVersionId":"pq6BP5yukdnwZwT42","testCaseId":"272637219a587c68bc6bef97","testCaseRoleId":"5fc7218ce6268b8714371d63","type":0,"order":0,"staticId":"bd9258011185c7afdfa7fa7a","dateCreated":"2015-07-03T16:16:22.181Z","createdBy":"6ordz9pgLnjHyYMmg","dateModified":"2015-07-04T22:30:13.593Z","modifiedBy":"6ordz9pgLnjHyYMmg","data":{"nodeId":"1de09e196dac529a191185fe"}},
{"_id":"JCciAeQRf3q6GtSLA","projectId":"Mn7pkAGvfCrGGTYT5","projectVersionId":"pq6BP5yukdnwZwT42","testCaseId":"272637219a587c68bc6bef97","testCaseRoleId":"5fc7218ce6268b8714371d63","type":1,"order":1,"staticId":"2c6b028adb24d89e941bc7ea","dateCreated":"2015-07-03T16:17:14.854Z","createdBy":"6ordz9pgLnjHyYMmg","dateModified":"2015-07-04T22:30:04.468Z","modifiedBy":"6ordz9pgLnjHyYMmg"},
{"_id":"W49bWhQ9dEhaHhb2a","projectId":"Mn7pkAGvfCrGGTYT5","projectVersionId":"pq6BP5yukdnwZwT42","testCaseId":"272637219a587c68bc6bef97","testCaseRoleId":"5fc7218ce6268b8714371d63","type":3,"order":3,"staticId":"fa4f7014d3a675b9b6276312","dateCreated":"2015-07-03T16:17:18.438Z","createdBy":"6ordz9pgLnjHyYMmg","dateModified":"2015-07-04T22:30:04.531Z","modifiedBy":"6ordz9pgLnjHyYMmg"},
{"_id":"obgcjb8R85cYima8Z","projectId":"Mn7pkAGvfCrGGTYT5","projectVersionId":"pq6BP5yukdnwZwT42","testCaseId":"272637219a587c68bc6bef97","testCaseRoleId":"58fa7a1d14dfcb3b40a46297","type":1,"order":0,"staticId":"306f91bc00552fb5334982ed","dateCreated":"2015-07-03T16:18:11.620Z","createdBy":"6ordz9pgLnjHyYMmg","dateModified":"2015-07-03T16:18:11.620Z","modifiedBy":"6ordz9pgLnjHyYMmg"},
{"_id":"6M6MjroEMm7Qfr3AW","projectId":"Mn7pkAGvfCrGGTYT5","projectVersionId":"pq6BP5yukdnwZwT42","testCaseId":"272637219a587c68bc6bef97","testCaseRoleId":"58fa7a1d14dfcb3b40a46297","type":0,"order":1,"staticId":"110b7cf789cd7a43b7f46e12","dateCreated":"2015-07-03T16:18:13.629Z","createdBy":"6ordz9pgLnjHyYMmg","dateModified":"2015-07-03T16:18:13.629Z","modifiedBy":"6ordz9pgLnjHyYMmg"},
{"_id":"gdPPWLPYyM4iQMKTN","projectId":"Mn7pkAGvfCrGGTYT5","projectVersionId":"pq6BP5yukdnwZwT42","testCaseId":"272637219a587c68bc6bef97","testCaseRoleId":"58fa7a1d14dfcb3b40a46297","type":0,"order":2,"staticId":"81f35ea81f8cb5f3f5c3fc59","dateCreated":"2015-07-03T16:18:14.550Z","createdBy":"6ordz9pgLnjHyYMmg","dateModified":"2015-07-03T16:18:14.550Z","modifiedBy":"6ordz9pgLnjHyYMmg"},
{"_id":"Lx2DeLd9fPa5XA2un","projectId":"Mn7pkAGvfCrGGTYT5","projectVersionId":"pq6BP5yukdnwZwT42","testCaseId":"272637219a587c68bc6bef97","testCaseRoleId":"5fc7218ce6268b8714371d63","type":2,"order":2,"staticId":"8d3703a7b1b5d192d53ab1a2","dateCreated":"2015-07-04T21:29:58.260Z","createdBy":"6ordz9pgLnjHyYMmg","dateModified":"2015-07-04T22:30:04.497Z","modifiedBy":"6ordz9pgLnjHyYMmg"},
{"_id":"AQNMqtTjmg4DSxuNh","projectId":"Mn7pkAGvfCrGGTYT5","projectVersionId":"pq6BP5yukdnwZwT42","testCaseId":"272637219a587c68bc6bef97","testCaseRoleId":"3ec21da7979b73af10c88b2f","type":0,"order":0,"staticId":"540d130f602a1310617aa99d","dateCreated":"2015-07-04T22:30:26.380Z","createdBy":"6ordz9pgLnjHyYMmg","dateModified":"2015-11-01T14:56:21.262Z","modifiedBy":"6ordz9pgLnjHyYMmg","data":{"nodeId":"64f31b7d83f62dcc3b3ebfa7"}},
{"_id":"2Nd8hwnPQ2d2yLRQ9","projectId":"Mn7pkAGvfCrGGTYT5","projectVersionId":"pq6BP5yukdnwZwT42","testCaseId":"272637219a587c68bc6bef97","testCaseRoleId":"36a6e1829f3971663e3ba819","type":0,"order":0,"staticId":"d9232bf10799349eb1d0d871","dateCreated":"2015-07-08T01:47:06.740Z","createdBy":"6ordz9pgLnjHyYMmg","dateModified":"2015-07-08T01:47:17.275Z","modifiedBy":"6ordz9pgLnjHyYMmg","data":{"nodeId":"67613b005fd34c4bcf1f3490"}},
{"_id":"8osSxkF89zJtXgCiX","projectId":"Mn7pkAGvfCrGGTYT5","projectVersionId":"pq6BP5yukdnwZwT42","testCaseId":"272637219a587c68bc6bef97","testCaseRoleId":"3ec21da7979b73af10c88b2f","type":1,"order":3,"staticId":"17461432421a9ba65116df28","dateCreated":"2015-07-11T01:20:55.983Z","createdBy":"6ordz9pgLnjHyYMmg","dateModified":"2015-11-01T14:56:21.373Z","modifiedBy":"6ordz9pgLnjHyYMmg","data":{"actionId":"ccf622bffe5f15abea5fd8e2","nodeId":"12f006a57b1f1d0606763117"}},
{"_id":"652F9tD22eA8ANoX6","projectId":"Mn7pkAGvfCrGGTYT5","projectVersionId":"pq6BP5yukdnwZwT42","testCaseId":"272637219a587c68bc6bef97","testCaseRoleId":"3ec21da7979b73af10c88b2f","type":0,"order":2,"staticId":"c7faff1a2bb70df55c44d062","dateCreated":"2015-07-11T01:31:01.466Z","createdBy":"6ordz9pgLnjHyYMmg","dateModified":"2015-11-01T14:56:21.331Z","modifiedBy":"6ordz9pgLnjHyYMmg","data":{"nodeId":"62462e95800e4fd1ba23f27b"}},
{"_id":"EHkKBNDznTM8v3srR","projectId":"Mn7pkAGvfCrGGTYT5","projectVersionId":"pq6BP5yukdnwZwT42","testCaseId":"272637219a587c68bc6bef97","testCaseRoleId":"3ec21da7979b73af10c88b2f","type":2,"order":1,"staticId":"ca7c5c8245196a12f80a3529","dateCreated":"2015-07-11T01:46:51.728Z","createdBy":"6ordz9pgLnjHyYMmg","dateModified":"2015-11-01T14:56:21.411Z","modifiedBy":"6ordz9pgLnjHyYMmg","data":{"sourceId":"64f31b7d83f62dcc3b3ebfa7","destinationId":"62462e95800e4fd1ba23f27b"}},
{"_id":"eqYXDLttRJCTxPFC5","projectId":"Mn7pkAGvfCrGGTYT5","projectVersionId":"pq6BP5yukdnwZwT42","testCaseId":"272637219a587c68bc6bef97","testCaseRoleId":"069d126f8a0e01344206afe3","type":0,"order":0,"staticId":"8c46071412077d253c872904","dateCreated":"2015-07-11T12:38:45.830Z","createdBy":"6ordz9pgLnjHyYMmg","dateModified":"2015-07-11T12:38:55.503Z","modifiedBy":"6ordz9pgLnjHyYMmg","data":{"nodeId":"64f31b7d83f62dcc3b3ebfa7"}},
{"_id":"4yxbzvg38W2WzCHiP","projectId":"Mn7pkAGvfCrGGTYT5","projectVersionId":"pq6BP5yukdnwZwT42","testCaseId":"272637219a587c68bc6bef97","testCaseRoleId":"6b08b511b45627dc60feb766","type":0,"order":0,"staticId":"36b664b25b23ff866f92f708","dateCreated":"2015-07-11T21:37:45.747Z","createdBy":"6ordz9pgLnjHyYMmg","dateModified":"2015-07-12T17:56:57.018Z","modifiedBy":"6ordz9pgLnjHyYMmg"},
{"_id":"mRMX4DwsLBypprF7N","projectId":"Mn7pkAGvfCrGGTYT5","projectVersionId":"pq6BP5yukdnwZwT42","testCaseId":"2ec0e5971f6f3d96f031615d","testCaseRoleId":"00d43c15f154a8ce15457665","type":0,"order":0,"staticId":"45f6e033fd8db19ee1854d1f","dateCreated":"2015-10-31T19:24:12.823Z","createdBy":"6ordz9pgLnjHyYMmg","dateModified":"2015-10-31T19:24:19.951Z","modifiedBy":"6ordz9pgLnjHyYMmg","data":{"nodeId":"64f31b7d83f62dcc3b3ebfa7"}},
{"_id":"ww6yyo7EwZoLoqRgM","projectId":"Mn7pkAGvfCrGGTYT5","projectVersionId":"pq6BP5yukdnwZwT42","testCaseId":"272637219a587c68bc6bef97","testCaseRoleId":"f7957f4f6e9279db715866c7","type":0,"order":1,"staticId":"d8c68e9d0c6c504aa96a5694","dateCreated":"2015-07-11T19:18:31.545Z","createdBy":"6ordz9pgLnjHyYMmg","dateModified":"2015-07-12T12:27:44.010Z","modifiedBy":"6ordz9pgLnjHyYMmg","data":{"nodeId":"64f31b7d83f62dcc3b3ebfa7"}},
{"_id":"uQQbaT9GaZLbJ2nQv","projectId":"Mn7pkAGvfCrGGTYT5","projectVersionId":"pq6BP5yukdnwZwT42","testCaseId":"272637219a587c68bc6bef97","testCaseRoleId":"6b08b511b45627dc60feb766","type":3,"order":1,"staticId":"3c5864b825fa867ac1884519","dateCreated":"2015-07-11T20:01:44.028Z","createdBy":"6ordz9pgLnjHyYMmg","dateModified":"2015-07-12T18:01:41.646Z","modifiedBy":"6ordz9pgLnjHyYMmg","data":{"waitId":"3c5864b825fa867ac1884519"}},
{"_id":"PHPwQtTSLF3w6Qu7q","projectId":"Mn7pkAGvfCrGGTYT5","projectVersionId":"pq6BP5yukdnwZwT42","testCaseId":"272637219a587c68bc6bef97","testCaseRoleId":"01e69db866fc80ed2554ae1c","type":3,"order":1,"staticId":"2f7af9530337789944ed5d2f","dateCreated":"2015-07-11T21:13:23.523Z","createdBy":"6ordz9pgLnjHyYMmg","dateModified":"2015-07-12T17:59:31.716Z","modifiedBy":"6ordz9pgLnjHyYMmg","data":{}},
{"_id":"wkLMTfAMbSzHzmRRQ","projectId":"Mn7pkAGvfCrGGTYT5","projectVersionId":"pq6BP5yukdnwZwT42","testCaseId":"272637219a587c68bc6bef97","testCaseRoleId":"f7957f4f6e9279db715866c7","type":3,"order":0,"staticId":"27b4f20dcc659c7fdb6ba49e","dateCreated":"2015-07-12T12:27:32.127Z","createdBy":"6ordz9pgLnjHyYMmg","dateModified":"2015-07-12T18:00:23.066Z","modifiedBy":"6ordz9pgLnjHyYMmg","data":{"waitId":"27b4f20dcc659c7fdb6ba49e"}},
{"_id":"ZuF4m8HJyEoenafR8","projectId":"Mn7pkAGvfCrGGTYT5","projectVersionId":"pq6BP5yukdnwZwT42","testCaseId":"272637219a587c68bc6bef97","testCaseRoleId":"01e69db866fc80ed2554ae1c","type":0,"order":0,"staticId":"c53786c37a6c38bf816f7486","dateCreated":"2015-07-12T17:51:51.829Z","createdBy":"6ordz9pgLnjHyYMmg","dateModified":"2015-07-12T17:56:48.339Z","modifiedBy":"6ordz9pgLnjHyYMmg"},
{"_id":"6JHcMyG3KEGYJ7TaJ","projectId":"Mn7pkAGvfCrGGTYT5","projectVersionId":"pq6BP5yukdnwZwT42","testCaseId":"272637219a587c68bc6bef97","testCaseRoleId":"57f41efe06dc7350654fa7cc","type":0,"order":0,"staticId":"883454b49fafc2d18b9e3645","dateCreated":"2015-07-12T18:04:42.004Z","createdBy":"6ordz9pgLnjHyYMmg","dateModified":"2015-07-12T18:06:21.650Z","modifiedBy":"6ordz9pgLnjHyYMmg","data":{"nodeId":"64f31b7d83f62dcc3b3ebfa7"}},
{"_id":"p2rEmF2BDS9x3bia3","projectId":"Mn7pkAGvfCrGGTYT5","projectVersionId":"pq6BP5yukdnwZwT42","testCaseId":"272637219a587c68bc6bef97","testCaseRoleId":"57f41efe06dc7350654fa7cc","type":2,"order":1,"staticId":"2813adb684842561d5f3ebfd","dateCreated":"2015-07-12T18:04:54.535Z","createdBy":"6ordz9pgLnjHyYMmg","dateModified":"2015-07-12T18:06:21.663Z","modifiedBy":"6ordz9pgLnjHyYMmg"},
{"_id":"WJJ3va6TC3CJWP2gs","projectId":"Mn7pkAGvfCrGGTYT5","projectVersionId":"pq6BP5yukdnwZwT42","testCaseId":"272637219a587c68bc6bef97","testCaseRoleId":"57f41efe06dc7350654fa7cc","type":0,"order":2,"staticId":"a575cff21b67d704d8d49d11","dateCreated":"2015-07-12T18:04:59.621Z","createdBy":"6ordz9pgLnjHyYMmg","dateModified":"2015-07-12T18:06:21.692Z","modifiedBy":"6ordz9pgLnjHyYMmg","data":{"nodeId":"1de09e196dac529a191185fe"}},
{"_id":"3GpAptqKAdJ4zSsBd","projectId":"Mn7pkAGvfCrGGTYT5","projectVersionId":"pq6BP5yukdnwZwT42","testCaseId":"272637219a587c68bc6bef97","testCaseRoleId":"57f41efe06dc7350654fa7cc","type":3,"order":4,"staticId":"8f9c5b266dd4033ccb3302a4","dateCreated":"2015-07-12T18:06:10.936Z","createdBy":"6ordz9pgLnjHyYMmg","dateModified":"2015-07-12T18:06:21.729Z","modifiedBy":"6ordz9pgLnjHyYMmg","data":{"waitId":"af55c0536e5c115b306667a9"}},
{"_id":"S8D5ygAAaJTDtFd8L","projectId":"Mn7pkAGvfCrGGTYT5","projectVersionId":"pq6BP5yukdnwZwT42","testCaseId":"272637219a587c68bc6bef97","testCaseRoleId":"57f41efe06dc7350654fa7cc","type":4,"order":3,"staticId":"2cbdcf340125395d6a9fb6e0","dateCreated":"2015-07-12T18:06:20.225Z","createdBy":"6ordz9pgLnjHyYMmg","dateModified":"2015-07-12T18:06:21.710Z","modifiedBy":"6ordz9pgLnjHyYMmg"},
{"_id":"4k4wTeoWLeNzsxm8f","projectId":"Mn7pkAGvfCrGGTYT5","projectVersionId":"pq6BP5yukdnwZwT42","testCaseId":"37afef928ac35b2bcca2d282","testCaseRoleId":"7ba2dc07f7187b94f93fad6c","type":0,"order":0,"staticId":"19144ae27b10ddab518229a5","dateCreated":"2015-11-08T19:15:21.029Z","createdBy":"6ordz9pgLnjHyYMmg","dateModified":"2015-11-12T01:35:14.439Z","modifiedBy":"6ordz9pgLnjHyYMmg","data":{"nodeId":"64f31b7d83f62dcc3b3ebfa7"}},
{"_id":"N3J5DAzuTrC9QW5bv","projectId":"Mn7pkAGvfCrGGTYT5","projectVersionId":"pq6BP5yukdnwZwT42","testCaseId":"37afef928ac35b2bcca2d282","testCaseRoleId":"f4954b24d4f8f08523a46967","type":0,"order":0,"staticId":"46a8c6b334ad7a61169233fd","dateCreated":"2015-11-08T20:51:26.215Z","createdBy":"6ordz9pgLnjHyYMmg","dateModified":"2015-11-08T20:51:33.444Z","modifiedBy":"6ordz9pgLnjHyYMmg","data":{"nodeId":"64f31b7d83f62dcc3b3ebfa7"}},
{"_id":"X8WxeZoHELMReASXY","projectId":"Mn7pkAGvfCrGGTYT5","projectVersionId":"pq6BP5yukdnwZwT42","testCaseId":"37afef928ac35b2bcca2d282","testCaseRoleId":"f4954b24d4f8f08523a46967","type":2,"order":1,"staticId":"7b1fd29acecb19764d9c152a","dateCreated":"2015-11-08T20:51:36.791Z","createdBy":"6ordz9pgLnjHyYMmg","dateModified":"2015-11-08T20:51:53.959Z","modifiedBy":"6ordz9pgLnjHyYMmg","data":{"sourceId":"64f31b7d83f62dcc3b3ebfa7","destinationId":"a7f60699721553f4aec395fb"}},
{"_id":"2AqBjZpiN4XN4GrfS","projectId":"Mn7pkAGvfCrGGTYT5","projectVersionId":"pq6BP5yukdnwZwT42","testCaseId":"37afef928ac35b2bcca2d282","testCaseRoleId":"f4954b24d4f8f08523a46967","type":0,"order":2,"staticId":"6b3467fc42d2fead36c69a37","dateCreated":"2015-11-08T20:51:37.832Z","createdBy":"6ordz9pgLnjHyYMmg","dateModified":"2015-11-08T20:51:53.937Z","modifiedBy":"6ordz9pgLnjHyYMmg","data":{"nodeId":"a7f60699721553f4aec395fb"}},
{"_id":"HBqYi7XgdzwFiTeoR","projectId":"Mn7pkAGvfCrGGTYT5","projectVersionId":"pq6BP5yukdnwZwT42","testCaseId":"37afef928ac35b2bcca2d282","testCaseRoleId":"7ba2dc07f7187b94f93fad6c","type":1,"order":1,"staticId":"c5f5b898032d97b5b3c25cc3","dateCreated":"2015-11-12T01:35:12.339Z","createdBy":"6ordz9pgLnjHyYMmg","dateModified":"2015-11-12T01:35:40.725Z","modifiedBy":"6ordz9pgLnjHyYMmg","data":{"actionId":"e0f815ee2211e1f8383e0543","nodeId":"12f006a57b1f1d0606763117"}}
]
