[
{"_id":"TnqGFH3rnQhtPjcwH","title":"Email","dataKey":"email","type":0,"order":1,"dataStoreId":"Wb5ioM5g5f3RuYqzp","projectId":"Mn7pkAGvfCrGGTYT5","projectVersionId":"pq6BP5yukdnwZwT42","createdBy":"6ordz9pgLnjHyYMmg","modifiedBy":"6ordz9pgLnjHyYMmg","fieldIsArray":false,"dateCreated":"2015-05-28T10:23:48.911Z","dateModified":"2015-05-28T10:23:48.911Z"},
{"_id":"dMPcfehwscrkH5GA3","title":"Password","dataKey":"password","type":0,"order":2,"dataStoreId":"Wb5ioM5g5f3RuYqzp","projectId":"Mn7pkAGvfCrGGTYT5","projectVersionId":"pq6BP5yukdnwZwT42","createdBy":"6ordz9pgLnjHyYMmg","modifiedBy":"6ordz9pgLnjHyYMmg","fieldIsArray":false,"dateCreated":"2015-05-28T10:23:48.939Z","dateModified":"2015-05-28T10:23:48.939Z"},
{"_id":"EhqK9wwSJsXkCQvMq","title":"Name","dataKey":"name","type":0,"order":3,"dataStoreId":"Wb5ioM5g5f3RuYqzp","projectId":"Mn7pkAGvfCrGGTYT5","projectVersionId":"pq6BP5yukdnwZwT42","createdBy":"6ordz9pgLnjHyYMmg","modifiedBy":"6ordz9pgLnjHyYMmg","fieldIsArray":false,"dateCreated":"2015-05-28T10:23:48.957Z","dateModified":"2015-08-08T12:46:48.458Z"},
{"_id":"j5CBFghu5yRwnkAbs","title":"Enrolled","dataKey":"enrolled","type":1,"order":4,"dataStoreId":"Wb5ioM5g5f3RuYqzp","projectId":"Mn7pkAGvfCrGGTYT5","projectVersionId":"pq6BP5yukdnwZwT42","createdBy":"6ordz9pgLnjHyYMmg","modifiedBy":"6ordz9pgLnjHyYMmg","fieldIsArray":false,"dateCreated":"2015-05-28T10:23:48.982Z","dateModified":"2015-05-30T13:02:46.574Z"},
{"_id":"EqeP9ATgXagFf3cqj","title":"Email","dataKey":"email","type":0,"order":1,"dataStoreId":"hL5A4ZEJeB88tytMT","projectId":"Mn7pkAGvfCrGGTYT5","projectVersionId":"pq6BP5yukdnwZwT42","createdBy":"6ordz9pgLnjHyYMmg","modifiedBy":"6ordz9pgLnjHyYMmg","fieldIsArray":false,"dateCreated":"2015-05-28T10:23:49.021Z","dateModified":"2015-05-28T10:23:49.021Z"},
{"_id":"TZkM3iu5owxYnT9eP","title":"Password","dataKey":"password","type":0,"order":2,"dataStoreId":"hL5A4ZEJeB88tytMT","projectId":"Mn7pkAGvfCrGGTYT5","projectVersionId":"pq6BP5yukdnwZwT42","createdBy":"6ordz9pgLnjHyYMmg","modifiedBy":"6ordz9pgLnjHyYMmg","fieldIsArray":false,"dateCreated":"2015-05-28T10:23:49.043Z","dateModified":"2015-05-28T10:23:49.043Z"},
{"_id":"Tpnxc6i9ek7K7d7JF","title":"Name","dataKey":"name","type":0,"order":3,"dataStoreId":"hL5A4ZEJeB88tytMT","projectId":"Mn7pkAGvfCrGGTYT5","projectVersionId":"pq6BP5yukdnwZwT42","createdBy":"6ordz9pgLnjHyYMmg","modifiedBy":"6ordz9pgLnjHyYMmg","fieldIsArray":false,"dateCreated":"2015-05-28T10:23:49.093Z","dateModified":"2015-05-28T10:23:49.093Z"},
{"_id":"vykXsYjjaBktXFQLK","title":"Enrolled","dataKey":"enrolled","type":1,"order":4,"dataStoreId":"hL5A4ZEJeB88tytMT","projectId":"Mn7pkAGvfCrGGTYT5","projectVersionId":"pq6BP5yukdnwZwT42","createdBy":"6ordz9pgLnjHyYMmg","modifiedBy":"6ordz9pgLnjHyYMmg","fieldIsArray":false,"dateCreated":"2015-05-28T10:23:49.116Z","dateModified":"2015-08-31T01:07:41.769Z"},
{"_id":"ZTfMA7rDhZQxyhQor","title":"Email","dataKey":"email","type":0,"order":1,"dataStoreId":"n2RRaGSDvbouTdTTY","projectId":"Mn7pkAGvfCrGGTYT5","projectVersionId":"pq6BP5yukdnwZwT42","createdBy":"6ordz9pgLnjHyYMmg","modifiedBy":"6ordz9pgLnjHyYMmg","fieldIsArray":false,"dateCreated":"2015-05-28T10:23:49.143Z","dateModified":"2015-05-28T10:23:49.143Z"},
{"_id":"3xDzkpDKhvww8rgRW","title":"Password","dataKey":"password","type":0,"order":2,"dataStoreId":"n2RRaGSDvbouTdTTY","projectId":"Mn7pkAGvfCrGGTYT5","projectVersionId":"pq6BP5yukdnwZwT42","createdBy":"6ordz9pgLnjHyYMmg","modifiedBy":"6ordz9pgLnjHyYMmg","fieldIsArray":false,"dateCreated":"2015-05-28T10:23:49.165Z","dateModified":"2015-05-28T10:23:49.165Z"},
{"_id":"FozpjuT93PEjWTSNg","title":"Name","dataKey":"name","type":0,"order":3,"dataStoreId":"n2RRaGSDvbouTdTTY","projectId":"Mn7pkAGvfCrGGTYT5","projectVersionId":"pq6BP5yukdnwZwT42","createdBy":"6ordz9pgLnjHyYMmg","modifiedBy":"6ordz9pgLnjHyYMmg","fieldIsArray":false,"dateCreated":"2015-05-28T10:23:49.202Z","dateModified":"2015-05-28T10:23:49.202Z"},
{"_id":"Ei6BRz7ixfARG8dEb","title":"Enrolled","dataKey":"enrolled","type":1,"order":4,"dataStoreId":"n2RRaGSDvbouTdTTY","projectId":"Mn7pkAGvfCrGGTYT5","projectVersionId":"pq6BP5yukdnwZwT42","createdBy":"6ordz9pgLnjHyYMmg","modifiedBy":"6ordz9pgLnjHyYMmg","fieldIsArray":false,"dateCreated":"2015-05-28T10:23:49.221Z","dateModified":"2015-08-31T01:07:36.904Z"},
{"_id":"qCywnXBFQTYhoJTcQ","title":"Is Good","dataKey":"is_good","type":1,"fieldIsArray":false,"order":2,"dataStoreId":"C45SNKLz5i3zNqakh","projectId":"Mn7pkAGvfCrGGTYT5","projectVersionId":"pq6BP5yukdnwZwT42","dateCreated":"2015-08-08T13:13:48.412Z","createdBy":"6ordz9pgLnjHyYMmg","dateModified":"2015-08-09T12:42:44.668Z","modifiedBy":"6ordz9pgLnjHyYMmg","defaultValue":"true"},
{"_id":"dLRNFqmzAFojHeXxT","title":"Address Required","dataKey":"address_required","type":1,"fieldIsArray":false,"order":1,"dataStoreId":"C45SNKLz5i3zNqakh","projectId":"Mn7pkAGvfCrGGTYT5","projectVersionId":"pq6BP5yukdnwZwT42","dateCreated":"2015-08-09T10:03:54.518Z","createdBy":"6ordz9pgLnjHyYMmg","dateModified":"2015-08-09T12:42:44.630Z","modifiedBy":"6ordz9pgLnjHyYMmg"},
{"_id":"MqbkcD4miuYRorWFm","title":"Hide HP Info","dataKey":"hide_hp_info","type":1,"fieldIsArray":false,"order":3,"dataStoreId":"C45SNKLz5i3zNqakh","projectId":"Mn7pkAGvfCrGGTYT5","projectVersionId":"pq6BP5yukdnwZwT42","dateCreated":"2015-08-09T10:04:08.881Z","createdBy":"6ordz9pgLnjHyYMmg","dateModified":"2015-08-09T12:42:44.700Z","modifiedBy":"6ordz9pgLnjHyYMmg"}
]
