[
{"_id":"qdHAeX9sxzNzT5mZt","projectId":"Mn7pkAGvfCrGGTYT5","projectVersionId":"pq6BP5yukdnwZwT42","title":"Admin","staticId":"3b8e2acc4b7bbc13e3e7ed73","dateCreated":"2016-09-02T18:48:37.685Z","createdBy":"6ordz9pgLnjHyYMmg","dateModified":"2016-09-02T18:48:37.685Z","modifiedBy":"6ordz9pgLnjHyYMmg"},
{"_id":"4bNAidXAh8rTT7Pie","projectId":"Mn7pkAGvfCrGGTYT5","projectVersionId":"pq6BP5yukdnwZwT42","parentGroupId":"3b8e2acc4b7bbc13e3e7ed73","title":"Home","staticId":"9fe088a44452aeab6cd65323","dateCreated":"2016-09-02T18:48:37.688Z","createdBy":"6ordz9pgLnjHyYMmg","dateModified":"2016-09-02T18:48:37.688Z","modifiedBy":"6ordz9pgLnjHyYMmg"},
{"_id":"DBh287LZybvY9JGFD","projectId":"Mn7pkAGvfCrGGTYT5","projectVersionId":"pq6BP5yukdnwZwT42","parentGroupId":"9fe088a44452aeab6cd65323","title":"Sub Home","staticId":"32bcef1def094e0332b0fc7b","dateCreated":"2016-09-02T18:48:37.690Z","createdBy":"6ordz9pgLnjHyYMmg","dateModified":"2016-09-02T18:48:37.690Z","modifiedBy":"6ordz9pgLnjHyYMmg"},
{"_id":"ZAfmYAWByCcf5bQTh","projectId":"Mn7pkAGvfCrGGTYT5","projectVersionId":"pq6BP5yukdnwZwT42","parentGroupId":"9fe088a44452aeab6cd65323","title":"Sub Home 2","staticId":"c71ed9b3dae80848d29e8547","dateCreated":"2016-09-02T18:48:37.693Z","createdBy":"6ordz9pgLnjHyYMmg","dateModified":"2016-09-02T18:48:37.693Z","modifiedBy":"6ordz9pgLnjHyYMmg"}
]
