[
{"_id":"qdHAeX9sxzNzT5mZt","projectId":"Mn7pkAGvfCrGGTYT5","projectVersionId":"pq6BP5yukdnwZwT42","title":"Admin","staticId":"3b8e2acc4b7bbc13e3e7ed73","dateCreated":"2016-08-28T16:28:54.643Z","createdBy":"6ordz9pgLnjHyYMmg","dateModified":"2016-08-28T16:28:54.643Z","modifiedBy":"6ordz9pgLnjHyYMmg"},
{"_id":"4bNAidXAh8rTT7Pie","projectId":"Mn7pkAGvfCrGGTYT5","projectVersionId":"pq6BP5yukdnwZwT42","parentGroupId":"3b8e2acc4b7bbc13e3e7ed73","title":"Home","staticId":"9fe088a44452aeab6cd65323","dateCreated":"2016-08-28T16:28:54.645Z","createdBy":"6ordz9pgLnjHyYMmg","dateModified":"2016-08-28T16:28:54.646Z","modifiedBy":"6ordz9pgLnjHyYMmg"},
{"_id":"DBh287LZybvY9JGFD","projectId":"Mn7pkAGvfCrGGTYT5","projectVersionId":"pq6BP5yukdnwZwT42","parentGroupId":"9fe088a44452aeab6cd65323","title":"Sub Home","staticId":"32bcef1def094e0332b0fc7b","dateCreated":"2016-08-28T16:28:54.649Z","createdBy":"6ordz9pgLnjHyYMmg","dateModified":"2016-08-28T16:28:54.649Z","modifiedBy":"6ordz9pgLnjHyYMmg"},
{"_id":"ZAfmYAWByCcf5bQTh","projectId":"Mn7pkAGvfCrGGTYT5","projectVersionId":"pq6BP5yukdnwZwT42","parentGroupId":"9fe088a44452aeab6cd65323","title":"Sub Home 2","staticId":"c71ed9b3dae80848d29e8547","dateCreated":"2016-08-28T16:28:54.652Z","createdBy":"6ordz9pgLnjHyYMmg","dateModified":"2016-08-28T16:28:54.652Z","modifiedBy":"6ordz9pgLnjHyYMmg"}
]
