[
{"_id":"AFPRnT2CQkojZhon3","projectId":"Mn7pkAGvfCrGGTYT5","projectVersionId":"pq6BP5yukdnwZwT42","nodeId":"e958872a2e30149044a53296","routes":[{"order":0,"nodeId":"8fd26065f2da29522d7694f0","routeCode":""}],"title":"View Project Team","staticId":"0a03af990f4e284a04997a03","code":"","dateCreated":"2015-06-13T00:33:16.867Z","createdBy":"6ordz9pgLnjHyYMmg","dateModified":"2015-06-13T00:37:07.645Z","modifiedBy":"6ordz9pgLnjHyYMmg"},
{"_id":"nWr2ZYdgx4NzsgFqG","projectId":"Mn7pkAGvfCrGGTYT5","projectVersionId":"pq6BP5yukdnwZwT42","nodeId":"e958872a2e30149044a53296","routes":[{"order":0,"nodeId":"1de09e196dac529a191185fe","routeCode":""}],"title":"View Project Versions","staticId":"d870fb6395b288127ae303ee","code":"","dateCreated":"2015-06-13T00:33:18.646Z","createdBy":"6ordz9pgLnjHyYMmg","dateModified":"2015-06-13T10:23:38.954Z","modifiedBy":"6ordz9pgLnjHyYMmg","variables":[]},
{"_id":"XgdpBzDai9RcgaMMu","projectId":"Mn7pkAGvfCrGGTYT5","projectVersionId":"pq6BP5yukdnwZwT42","nodeId":"d51815fec313adb066a5cc23","routes":[{"order":0,"nodeId":"62462e95800e4fd1ba23f27b","routeCode":""}],"title":"View Version Activity","staticId":"d3f6f0e9df102f33f7cca47f","code":"","dateCreated":"2015-06-18T00:06:23.633Z","createdBy":"6ordz9pgLnjHyYMmg","dateModified":"2015-06-18T00:06:32.181Z","modifiedBy":"6ordz9pgLnjHyYMmg"},
{"_id":"6KZNXG676agx5SSbx","projectId":"Mn7pkAGvfCrGGTYT5","projectVersionId":"pq6BP5yukdnwZwT42","nodeId":"d51815fec313adb066a5cc23","routes":[{"order":0,"nodeId":"879b89beda94ae906432d7eb","routeCode":""}],"title":"New Action","staticId":"d8411f76dfa8c536137162a2","code":"","dateCreated":"2015-06-18T00:33:31.486Z","createdBy":"6ordz9pgLnjHyYMmg","dateModified":"2015-06-18T00:33:31.486Z","modifiedBy":"6ordz9pgLnjHyYMmg"},
{"_id":"JxhNsvgMf8S2BEKmi","projectId":"Mn7pkAGvfCrGGTYT5","projectVersionId":"pq6BP5yukdnwZwT42","nodeId":"bd9309245d0c66ab3a37670f","routes":[{"order":0,"nodeId":"12f006a57b1f1d0606763117","routeCode":"email.toLowerCase() == account.email.toLowerCase() && password == account.password"},{"order":1,"nodeId":"bd9309245d0c66ab3a37670f","routeCode":""}],"title":"Login Retry","staticId":"709f10c37cd3805723d2c98b","code":"","dateCreated":"2015-07-11T00:07:26.178Z","createdBy":"6ordz9pgLnjHyYMmg","dateModified":"2015-07-12T18:13:16.371Z","modifiedBy":"6ordz9pgLnjHyYMmg"},
{"_id":"m4rDGWemyJD9Jg8mQ","projectId":"Mn7pkAGvfCrGGTYT5","projectVersionId":"pq6BP5yukdnwZwT42","nodeId":"64f31b7d83f62dcc3b3ebfa7","routes":[{"order":0,"nodeId":"913649627257b0d1a7d9622b","routeCode":""}],"title":"Show Sign Up","staticId":"decc77da7374865d438bde3d","code":"driver.click('//BUTTON[contains(@class,\"show-signup\")]');","dateCreated":"2015-08-29T13:57:36.283Z","createdBy":"6ordz9pgLnjHyYMmg","dateModified":"2015-08-29T21:40:50.008Z","modifiedBy":"6ordz9pgLnjHyYMmg"},
{"_id":"4KYZKmyXcD86TFhvJ","projectId":"Mn7pkAGvfCrGGTYT5","projectVersionId":"pq6BP5yukdnwZwT42","nodeId":"2df4045b9625c52fd40ca365","routes":[{"order":0,"nodeId":"12f006a57b1f1d0606763117","routeCode":""}],"title":"View Personal Home","staticId":"ccf622bffe5f15abea5fd8e2","dateCreated":"2015-06-11T09:43:55.786Z","createdBy":"6ordz9pgLnjHyYMmg","dateModified":"2015-09-20T11:23:18.988Z","modifiedBy":"6ordz9pgLnjHyYMmg","variables":[]},
{"_id":"GoBvAvrjpNdDMwxy3","projectId":"Mn7pkAGvfCrGGTYT5","projectVersionId":"pq6BP5yukdnwZwT42","nodeId":"2df4045b9625c52fd40ca365","routes":[{"order":0,"nodeId":"991c2ea1ff8bbc3ac405cd64","routeCode":""}],"title":"View Project Version","staticId":"f5c956e22a36acb637582b23","dateCreated":"2015-06-11T09:43:51.875Z","createdBy":"6ordz9pgLnjHyYMmg","dateModified":"2015-09-20T11:45:13.164Z","modifiedBy":"6ordz9pgLnjHyYMmg","variables":[{"order":0,"name":"newVariable","type":0,"varIsArray":false}]},
{"_id":"vnysr6sn53mkXbHy5","projectId":"Mn7pkAGvfCrGGTYT5","projectVersionId":"pq6BP5yukdnwZwT42","nodeId":"2df4045b9625c52fd40ca365","routes":[{"order":0,"nodeId":"2d807aa6d97488388044b022","routeCode":""}],"title":"View Project","staticId":"837d2dcf77ff974ae1ced93d","dateCreated":"2015-06-11T09:43:48.867Z","createdBy":"6ordz9pgLnjHyYMmg","dateModified":"2015-09-20T11:26:46.607Z","modifiedBy":"6ordz9pgLnjHyYMmg","variables":[]},
{"_id":"aPvYrwyXfaWwjMCmQ","projectId":"Mn7pkAGvfCrGGTYT5","projectVersionId":"pq6BP5yukdnwZwT42","nodeId":"e958872a2e30149044a53296","routes":[{"order":0,"nodeId":"f38da4b1f88b5583e26b9f3e","routeCode":""}],"title":"View Project Activity","staticId":"4091bd243379995897a246e6","code":"","dateCreated":"2015-06-13T00:33:14.995Z","createdBy":"6ordz9pgLnjHyYMmg","dateModified":"2015-06-22T10:43:12.811Z","modifiedBy":"6ordz9pgLnjHyYMmg","variables":[]},
{"_id":"Hkje9gNEpSkKmmHeS","projectId":"Mn7pkAGvfCrGGTYT5","projectVersionId":"pq6BP5yukdnwZwT42","nodeId":"64f31b7d83f62dcc3b3ebfa7","routes":[{"order":0,"nodeId":"12f006a57b1f1d0606763117","routeCode":"email.toLowerCase() == account.email.toLowerCase() && password == account.password"},{"order":1,"nodeId":"bd9309245d0c66ab3a37670f"}],"title":"Log In","staticId":"e0f815ee2211e1f8383e0543","code":"driver.setValue(\"//INPUT[@id=\\\"loginEmail\\\"]\", email);\ndriver.setValue(\"//INPUT[@id=\\\"loginPassword\\\"]\", password);\ndriver.leftClick(\"(//BUTTON[text()=\\\"Login\\\"])[1]\");","dateCreated":"2015-06-06T12:11:39.217Z","createdBy":"6ordz9pgLnjHyYMmg","dateModified":"2015-11-12T02:14:26.264Z","modifiedBy":"6ordz9pgLnjHyYMmg","variables":[{"order":0,"name":"email","type":0,"varIsArray":false,"defaultValue":"account.email"},{"order":0,"name":"password","type":0,"varIsArray":false,"defaultValue":"account.password"}]},
{"_id":"eNEb5xGGam2zefoNQ","projectId":"Mn7pkAGvfCrGGTYT5","projectVersionId":"pq6BP5yukdnwZwT42","nodeId":"bf3f99023f4184fda101502d","routes":[{"order":0,"nodeId":"12f006a57b1f1d0606763117","routeCode":""}],"title":"Sign Up Successful","staticId":"87ac410457c49765319eb986","code":"","dateCreated":"2015-08-29T14:53:10.627Z","createdBy":"6ordz9pgLnjHyYMmg","dateModified":"2015-08-31T01:12:37.604Z","modifiedBy":"6ordz9pgLnjHyYMmg"},
{"_id":"QRgdLZ94RspGaFDz9","projectId":"Mn7pkAGvfCrGGTYT5","projectVersionId":"pq6BP5yukdnwZwT42","nodeId":"bf3f99023f4184fda101502d","routes":[{"order":0,"nodeId":"bf3f99023f4184fda101502d","routeCode":""}],"title":"Sign Up Failed Again","staticId":"2f73a2050219ba341491713d","code":"","dateCreated":"2015-08-29T14:53:14.375Z","createdBy":"6ordz9pgLnjHyYMmg","dateModified":"2015-08-31T01:12:14.934Z","modifiedBy":"6ordz9pgLnjHyYMmg"},
{"_id":"dpCEWmKbCWCpNphA5","projectId":"Mn7pkAGvfCrGGTYT5","projectVersionId":"pq6BP5yukdnwZwT42","nodeId":"913649627257b0d1a7d9622b","routes":[{"order":0,"nodeId":"12f006a57b1f1d0606763117","routeCode":""},{"order":1,"nodeId":"913649627257b0d1a7d9622b","routeCode":"2 == 3"},{"order":2,"nodeId":"bf3f99023f4184fda101502d","routeCode":"return 75*2;"}],"title":"Sign Up","staticId":"5ce433152d9af7bffc37c967","code":"var what = 99;\nif(what) {\n    return 75\n}","dateCreated":"2015-08-29T13:58:42.986Z","createdBy":"6ordz9pgLnjHyYMmg","dateModified":"2015-09-13T01:32:57.714Z","modifiedBy":"6ordz9pgLnjHyYMmg"},
{"_id":"92uvKRpKwhuQ7vqAL","projectId":"Mn7pkAGvfCrGGTYT5","projectVersionId":"pq6BP5yukdnwZwT42","nodeId":"913649627257b0d1a7d9622b","routes":[{"order":0,"nodeId":"64f31b7d83f62dcc3b3ebfa7","routeCode":""}],"title":"Show Log In","staticId":"b8d025d0462bc4f4fe2ec002","code":"driver.leftClick('//BUTTON[contains(@class,\"show-login\")]');\ndriver.leftClick('//BUTTON[contains(@class, \"pull-left\") and contains(@class, \"show-login\")]');\ndriver.doDoubleClick('//BUTTON[contains(@class, \"pull-left\") and contains(@class, \"show-login\")]');","dateCreated":"2015-08-29T13:57:32.647Z","createdBy":"6ordz9pgLnjHyYMmg","dateModified":"2015-09-19T16:53:51.839Z","modifiedBy":"6ordz9pgLnjHyYMmg"},
{"_id":"NXETsAA7H9P5uSm6t","projectId":"Mn7pkAGvfCrGGTYT5","projectVersionId":"pq6BP5yukdnwZwT42","nodeId":"7e4425e6474f51b3cbba7b52","routes":[{"order":0,"nodeId":"12f006a57b1f1d0606763117","routeCode":""}],"title":"View Personal Home","staticId":"64e4bf542017f259e35444be","code":"driver.moveTo('(//DIV[contains(@class, \"nav-body\")])[1]');\ndriver.wait(500);\ndriver.leftClick('//H4[contains(@class, \"nav-name\")]');","dateCreated":"2015-06-14T11:04:57.564Z","createdBy":"6ordz9pgLnjHyYMmg","dateModified":"2015-09-20T11:57:22.803Z","modifiedBy":"6ordz9pgLnjHyYMmg"},
{"_id":"Ev7HEuKPZJZT3gfxQ","projectId":"Mn7pkAGvfCrGGTYT5","projectVersionId":"pq6BP5yukdnwZwT42","nodeId":"7e4425e6474f51b3cbba7b52","routes":[{"order":0,"nodeId":"2d807aa6d97488388044b022","routeCode":""}],"title":"View Project","staticId":"92c2fe2cc9fe79762c198b9c","code":"driver.moveTo('(//DIV[contains(@class, \"nav-body\")])[1]');\ndriver.wait(500);\ndriver.leftClick('//DIV[contains(@class,\"nav-body-left\")]/H5/A');","dateCreated":"2015-06-14T11:05:02.658Z","createdBy":"6ordz9pgLnjHyYMmg","dateModified":"2015-09-20T11:57:29.827Z","modifiedBy":"6ordz9pgLnjHyYMmg"},
{"_id":"mHGDXKXJAhj8c9LGJ","projectId":"Mn7pkAGvfCrGGTYT5","projectVersionId":"pq6BP5yukdnwZwT42","nodeId":"7e4425e6474f51b3cbba7b52","routes":[{"order":0,"nodeId":"991c2ea1ff8bbc3ac405cd64","routeCode":""}],"title":"View Project Version","staticId":"3e29f5d8b4ebc7d3cb448216","code":"driver.moveTo('(//DIV[contains(@class, \"nav-body\")])[1]');\ndriver.wait(500);\ndriver.leftClick('//DIV[contains(@class,\"nav-body-left\")]/DIV/A[contains(@href, \"home\") and contains(@href, \"versions\")]');","dateCreated":"2015-06-14T11:05:06.252Z","createdBy":"6ordz9pgLnjHyYMmg","dateModified":"2015-09-20T11:57:37.319Z","modifiedBy":"6ordz9pgLnjHyYMmg"}
]
