[
{"_id":"ejQap6CRNDkqnH74d","title":"Admin Users","projectId":"Mn7pkAGvfCrGGTYT5","projectVersionId":"pq6BP5yukdnwZwT42","parentId":"780f346f1fb788667068f7c1","parentCollectionName":"Nodes","category":0,"modifiedBy":"6ordz9pgLnjHyYMmg","createdBy":"6ordz9pgLnjHyYMmg","staticId":"8215bb6cdf9331a622b8ba34","deleted":false,"dateCreated":"2016-09-02T18:48:37.004Z","dateModified":"2016-09-11T11:35:07.237Z","tableSchemaDef":{"fields":[{"label":"Name","type":0,"dataKey":"name","dataTypeId":null,"fieldIsArray":false,"defaultValue":null,"schema":null},{"label":"Email","type":0,"dataKey":"email","dataTypeId":null,"fieldIsArray":false,"defaultValue":null,"schema":null},{"label":"Password","type":0,"dataKey":"password","dataTypeId":null,"fieldIsArray":false,"defaultValue":null,"schema":null}]},"renderRowSelector":"return row.name"},
{"_id":"FYXbT9oJJGnwBo8nv","title":"Developer Users","projectId":"Mn7pkAGvfCrGGTYT5","projectVersionId":"pq6BP5yukdnwZwT42","parentId":"047ebba51ae336654a765ca0","parentCollectionName":"Nodes","category":0,"modifiedBy":"6ordz9pgLnjHyYMmg","createdBy":"6ordz9pgLnjHyYMmg","staticId":"5700188a1f8c18b6a860306e","deleted":false,"dateCreated":"2016-09-02T18:48:37.009Z","dateModified":"2016-09-02T18:48:37.009Z","tableSchemaDef":{"fields":[{"label":"Name","type":0,"dataKey":"name","fieldIsArray":false},{"label":"Email","type":0,"dataKey":"email","fieldIsArray":false}]}},
{"_id":"qG4dGE32dd6pFJtEx","title":"Tester Users","projectId":"Mn7pkAGvfCrGGTYT5","projectVersionId":"pq6BP5yukdnwZwT42","parentId":"c0a2bd8e82f379217f05dcbe","parentCollectionName":"Nodes","category":0,"modifiedBy":"6ordz9pgLnjHyYMmg","createdBy":"6ordz9pgLnjHyYMmg","staticId":"374efff01095250f0fabd224","deleted":false,"dateCreated":"2016-09-02T18:48:37.013Z","dateModified":"2016-09-02T20:10:59.296Z","tableSchemaDef":{"fields":[{"label":"Name","type":0,"dataKey":"name","dataTypeId":null,"fieldIsArray":false,"defaultValue":null,"schema":null},{"label":"Email","type":0,"dataKey":"email","dataTypeId":null,"fieldIsArray":false,"defaultValue":null,"schema":null},{"label":"Contact Info","type":4,"dataKey":"contact_info","dataTypeId":"c582d4f5e3e61987128e4b65","fieldIsArray":true,"defaultValue":null,"schema":{"fields":[{"label":"Address1","type":0,"dataKey":"address1","dataTypeId":null,"fieldIsArray":false,"defaultValue":null,"schema":null},{"label":"Address 2","type":0,"dataKey":"address_2","dataTypeId":null,"fieldIsArray":false,"defaultValue":null,"schema":null},{"label":"City","type":0,"dataKey":"city","dataTypeId":null,"fieldIsArray":false,"defaultValue":null,"schema":null},{"label":"State","type":0,"dataKey":"state","dataTypeId":null,"fieldIsArray":false,"defaultValue":null,"schema":null},{"label":"Zip","type":0,"dataKey":"zip","dataTypeId":null,"fieldIsArray":false,"defaultValue":null,"schema":null},{"label":"County","type":0,"dataKey":"county","dataTypeId":null,"fieldIsArray":false,"defaultValue":null,"schema":null}]}}]},"renderRowSelector":"return row.name"},
{"_id":"Ean5gAshwjFrL3aWb","title":"Demo Project Server Config","projectId":"Mn7pkAGvfCrGGTYT5","projectVersionId":"pq6BP5yukdnwZwT42","parentId":"pq6BP5yukdnwZwT42","parentCollectionName":"Nodes","category":1,"modifiedBy":"6ordz9pgLnjHyYMmg","createdBy":"6ordz9pgLnjHyYMmg","staticId":"443930121b9b3003817e0995","deleted":false,"dateCreated":"2016-09-02T18:48:37.037Z","dateModified":"2016-09-03T09:56:33.352Z","tableSchemaDef":{"fields":[{"label":"Address Required","type":1,"dataKey":"address_required","dataTypeId":null,"fieldIsArray":false,"defaultValue":"false","schema":null},{"label":"Hide HP Info","type":1,"dataKey":"hide_hp_info","dataTypeId":null,"fieldIsArray":false,"defaultValue":"false","schema":null},{"label":"Is Good","type":1,"dataKey":"is_good","dataTypeId":null,"fieldIsArray":false,"defaultValue":"true","schema":null}]}}
]
