[
{"_id":"ejQap6CRNDkqnH74d","title":"Admin Users","projectId":"Mn7pkAGvfCrGGTYT5","projectVersionId":"pq6BP5yukdnwZwT42","parentId":"780f346f1fb788667068f7c1","parentCollectionName":"Nodes","category":0,"modifiedBy":"6ordz9pgLnjHyYMmg","createdBy":"6ordz9pgLnjHyYMmg","staticId":"8215bb6cdf9331a622b8ba34","deleted":false,"dateCreated":"2016-08-28T16:28:53.934Z","dateModified":"2016-08-30T12:11:56.479Z","rawSchemaDef":{"fields":[{"label":"Name","type":0,"fieldIsArray":false},{"label":"Email","type":0,"fieldIsArray":false},{"label":"Contact Info","type":4,"customFieldType":"355deb242705cbb89d2f4b6e","fieldIsArray":false,"schema":{"name":{"label":"Name","type":0,"customFieldType":null,"fieldIsArray":false,"defaultValue":null},"email":{"label":"Email","type":0,"customFieldType":null,"fieldIsArray":false,"defaultValue":null},"phone_number":{"label":"Phone Number","type":0,"customFieldType":null,"fieldIsArray":false,"defaultValue":null}}}]},"tableSchemaDef":{"fields":[{"label":"Name","type":0,"dataKey":"name","fieldIsArray":false},{"label":"Email","type":0,"dataKey":"email","fieldIsArray":false},{"label":"Contact Info","type":4,"dataKey":"contact_info","customFieldType":"355deb242705cbb89d2f4b6e","fieldIsArray":false,"schema":{"name":{"label":"Name","type":0,"customFieldType":null,"fieldIsArray":false,"defaultValue":null},"email":{"label":"Email","type":0,"customFieldType":null,"fieldIsArray":false,"defaultValue":null},"phone_number":{"label":"Phone Number","type":0,"customFieldType":null,"fieldIsArray":false,"defaultValue":null}}}]}},
{"_id":"FYXbT9oJJGnwBo8nv","title":"Developer Users","projectId":"Mn7pkAGvfCrGGTYT5","projectVersionId":"pq6BP5yukdnwZwT42","parentId":"047ebba51ae336654a765ca0","parentCollectionName":"Nodes","category":0,"modifiedBy":"6ordz9pgLnjHyYMmg","createdBy":"6ordz9pgLnjHyYMmg","staticId":"5700188a1f8c18b6a860306e","deleted":false,"dateCreated":"2016-08-28T16:28:53.953Z","dateModified":"2016-08-30T12:11:56.549Z","rawSchemaDef":{"fields":[{"label":"Name","type":0,"fieldIsArray":false},{"label":"Email","type":0,"fieldIsArray":false}]},"tableSchemaDef":{"fields":[{"label":"Name","type":0,"dataKey":"name","fieldIsArray":false},{"label":"Email","type":0,"dataKey":"email","fieldIsArray":false}]}},
{"_id":"qG4dGE32dd6pFJtEx","title":"Tester Users","projectId":"Mn7pkAGvfCrGGTYT5","projectVersionId":"pq6BP5yukdnwZwT42","parentId":"c0a2bd8e82f379217f05dcbe","parentCollectionName":"Nodes","category":0,"modifiedBy":"6ordz9pgLnjHyYMmg","createdBy":"6ordz9pgLnjHyYMmg","staticId":"374efff01095250f0fabd224","deleted":false,"dateCreated":"2016-08-28T16:28:53.958Z","dateModified":"2016-08-30T12:11:56.616Z","rawSchemaDef":{"fields":[{"label":"Name","type":0,"fieldIsArray":false},{"label":"Email","type":0,"fieldIsArray":false}]},"tableSchemaDef":{"fields":[{"label":"Name","type":0,"dataKey":"name","fieldIsArray":false},{"label":"Email","type":0,"dataKey":"email","fieldIsArray":false}]}},
{"_id":"Ean5gAshwjFrL3aWb","title":"Demo Project Server Config","projectId":"Mn7pkAGvfCrGGTYT5","projectVersionId":"pq6BP5yukdnwZwT42","parentId":"pq6BP5yukdnwZwT42","parentCollectionName":"Nodes","category":1,"modifiedBy":"6ordz9pgLnjHyYMmg","createdBy":"6ordz9pgLnjHyYMmg","staticId":"443930121b9b3003817e0995","deleted":false,"dateCreated":"2016-08-28T17:42:56.427Z","dateModified":"2016-08-30T12:11:56.657Z","rawSchemaDef":{"fields":[{"label":"Address Required","type":1,"fieldIsArray":false},{"label":"Hide HP Info","type":1,"fieldIsArray":false},{"label":"Is Good","type":1,"fieldIsArray":false}]},"tableSchemaDef":{"fields":[{"label":"Address Required","type":1,"dataKey":"address_required","fieldIsArray":false},{"label":"Hide HP Info","type":1,"dataKey":"hide_hp_info","fieldIsArray":false},{"label":"Is Good","type":1,"dataKey":"is_good","fieldIsArray":false}]}}
]
