[
{"_id":"Wb5ioM5g5f3RuYqzp","title":"Admin Users","dataKey":"4HXM8dQaEnGfmffEv","category":"user_type","projectId":"Mn7pkAGvfCrGGTYT5","projectVersionId":"pq6BP5yukdnwZwT42","modifiedBy":"6ordz9pgLnjHyYMmg","createdBy":"6ordz9pgLnjHyYMmg","deleted":false,"dateCreated":"2016-08-16T10:41:19.325Z","dateModified":"2016-08-27T21:23:28.133Z","schema":{"email":{"label":"Email","type":0,"customFieldType":null,"fieldIsArray":false,"defaultValue":null},"password":{"label":"Password","type":0,"customFieldType":null,"fieldIsArray":false,"defaultValue":null},"name":{"label":"Name","type":0,"customFieldType":null,"fieldIsArray":false,"defaultValue":null},"enrolled":{"label":"Enrolled","type":1,"customFieldType":null,"fieldIsArray":false,"defaultValue":null}},"renderRowSelector":"return row.name;"},
{"_id":"hL5A4ZEJeB88tytMT","title":"Tester Users","dataKey":"sEwcHgusF4kJXxPYE","category":"user_type","projectId":"Mn7pkAGvfCrGGTYT5","projectVersionId":"pq6BP5yukdnwZwT42","modifiedBy":"6ordz9pgLnjHyYMmg","createdBy":"6ordz9pgLnjHyYMmg","deleted":false,"dateCreated":"2016-08-16T10:41:19.385Z","dateModified":"2016-08-16T10:41:19.385Z","schema":{"email":{"label":"Email","type":0,"customFieldType":null,"fieldIsArray":false,"defaultValue":null},"password":{"label":"Password","type":0,"customFieldType":null,"fieldIsArray":false,"defaultValue":null},"name":{"label":"Name","type":0,"customFieldType":null,"fieldIsArray":false,"defaultValue":null},"enrolled":{"label":"Enrolled","type":1,"customFieldType":null,"fieldIsArray":false,"defaultValue":null}},"renderRowSelector":"return row.name;"},
{"_id":"n2RRaGSDvbouTdTTY","title":"Developer Users","dataKey":"mRaArc2aQcfkCGZL8","category":"user_type","projectId":"Mn7pkAGvfCrGGTYT5","projectVersionId":"pq6BP5yukdnwZwT42","modifiedBy":"6ordz9pgLnjHyYMmg","createdBy":"6ordz9pgLnjHyYMmg","deleted":false,"dateCreated":"2016-08-16T10:41:19.391Z","dateModified":"2016-08-16T10:41:19.391Z","schema":{"email":{"label":"Email","type":0,"customFieldType":null,"fieldIsArray":false,"defaultValue":null},"password":{"label":"Password","type":0,"customFieldType":null,"fieldIsArray":false,"defaultValue":null},"name":{"label":"Name","type":0,"customFieldType":null,"fieldIsArray":false,"defaultValue":null},"enrolled":{"label":"Enrolled","type":1,"customFieldType":null,"fieldIsArray":false,"defaultValue":null}},"renderRowSelector":"return row.name;"},
{"_id":"C45SNKLz5i3zNqakh","projectVersionId":"pq6BP5yukdnwZwT42","projectId":"Mn7pkAGvfCrGGTYT5","dataKey":"server_config_pq6BP5yukdnwZwT42","title":"Demo Project 0.1 server configuration","category":"server_config","deleted":false,"dateCreated":"2016-08-16T10:41:19.406Z","createdBy":"6ordz9pgLnjHyYMmg","dateModified":"2016-08-16T10:41:19.406Z","modifiedBy":"6ordz9pgLnjHyYMmg","schema":{"address_required":{"label":"Address Required","type":1,"customFieldType":null,"fieldIsArray":false,"defaultValue":null},"is_good":{"label":"Is Good","type":1,"customFieldType":null,"fieldIsArray":false,"defaultValue":"true"},"hide_hp_info":{"label":"Hide HP Info","type":1,"customFieldType":null,"fieldIsArray":false,"defaultValue":null}}},
{"_id":"TRjPFnANe7ihE6XvH","title":"New Type","dataKey":"user_type_custom_new_type","category":"user_type_custom","projectId":"Mn7pkAGvfCrGGTYT5","projectVersionId":"pq6BP5yukdnwZwT42","deleted":true,"dateCreated":"2016-08-16T10:41:19.410Z","createdBy":"6ordz9pgLnjHyYMmg","dateModified":"2016-08-16T10:41:19.410Z","modifiedBy":"6ordz9pgLnjHyYMmg"},
{"_id":"G8uq6osasikLugFJQ","title":"New User Type Users","dataKey":"CBdXmeACDoNtyk9xS","category":"user_type","projectId":"Mn7pkAGvfCrGGTYT5","projectVersionId":"pq6BP5yukdnwZwT42","modifiedBy":"6ordz9pgLnjHyYMmg","createdBy":"6ordz9pgLnjHyYMmg","deleted":true,"dateCreated":"2016-08-16T10:41:19.416Z","dateModified":"2016-08-16T10:41:19.416Z"},
{"_id":"ZqDpwZvxJrHQbJ4X2","title":"Some Custom Type","dataKey":"user_type_custom_new_type","category":"user_type_custom","projectId":"Mn7pkAGvfCrGGTYT5","projectVersionId":"pq6BP5yukdnwZwT42","deleted":true,"dateCreated":"2016-08-21T22:14:23.443Z","createdBy":"6ordz9pgLnjHyYMmg","dateModified":"2016-08-21T22:17:41.693Z","modifiedBy":"6ordz9pgLnjHyYMmg"},
{"_id":"8g9jdFES4B3qZr2tj","title":"New Type","dataKey":"user_type_custom_new_type","category":"user_type_custom","projectId":"Mn7pkAGvfCrGGTYT5","projectVersionId":"pq6BP5yukdnwZwT42","deleted":true,"dateCreated":"2016-08-21T22:17:34.518Z","createdBy":"6ordz9pgLnjHyYMmg","dateModified":"2016-08-21T22:17:48.119Z","modifiedBy":"6ordz9pgLnjHyYMmg"},
{"_id":"pQPcgeexrk6PKXxMn","title":"Test Type","dataKey":"user_type_custom_new_type","category":"user_type_custom","projectId":"Mn7pkAGvfCrGGTYT5","projectVersionId":"pq6BP5yukdnwZwT42","deleted":true,"dateCreated":"2016-08-21T22:30:42.216Z","createdBy":"6ordz9pgLnjHyYMmg","dateModified":"2016-08-23T10:21:08.450Z","modifiedBy":"6ordz9pgLnjHyYMmg","schema":{"face":{"label":"Face","type":0,"customFieldType":null,"fieldIsArray":false,"defaultValue":null}}},
{"_id":"K3QyteqSDofkpFAev","title":"New Type","dataKey":"user_type_custom_new_type","category":"user_type_custom","projectId":"Mn7pkAGvfCrGGTYT5","projectVersionId":"pq6BP5yukdnwZwT42","deleted":false,"dateCreated":"2016-08-23T10:18:16.618Z","createdBy":"6ordz9pgLnjHyYMmg","dateModified":"2016-08-23T10:18:16.619Z","modifiedBy":"6ordz9pgLnjHyYMmg"}
]
