[
{"_id":"G5F4L6cwKvvakf4r4","projectId":"Mn7pkAGvfCrGGTYT5","projectVersionId":"pq6BP5yukdnwZwT42","title":"Smoke Test","staticId":"cd228736a50fdfa44a041aab","dateCreated":"2016-08-28T16:28:54.714Z","createdBy":"6ordz9pgLnjHyYMmg","description":"Basic smoke testing to validate that all platforms are functioning"},
{"_id":"6HFTzfQ2tCWuDJZBd","projectId":"Mn7pkAGvfCrGGTYT5","projectVersionId":"pq6BP5yukdnwZwT42","title":"What What","staticId":"4bbd01b6de8b12b2832a6584","dateCreated":"2016-08-28T16:28:54.716Z","createdBy":"6ordz9pgLnjHyYMmg","description":"No idea what this test run does."}
]
