[
{"_id":"AFPRnT2CQkojZhon3","projectId":"Mn7pkAGvfCrGGTYT5","projectVersionId":"pq6BP5yukdnwZwT42","nodeId":"e958872a2e30149044a53296","routes":[{"order":0,"nodeId":"8fd26065f2da29522d7694f0","routeCode":""}],"title":"View Project Team","staticId":"0a03af990f4e284a04997a03","dateCreated":"2016-09-02T18:48:36.765Z","createdBy":"6ordz9pgLnjHyYMmg","dateModified":"2016-09-02T18:48:36.765Z","modifiedBy":"6ordz9pgLnjHyYMmg","code":""},
{"_id":"nWr2ZYdgx4NzsgFqG","projectId":"Mn7pkAGvfCrGGTYT5","projectVersionId":"pq6BP5yukdnwZwT42","nodeId":"e958872a2e30149044a53296","routes":[{"order":0,"nodeId":"1de09e196dac529a191185fe","routeCode":""}],"title":"View Project Versions","staticId":"d870fb6395b288127ae303ee","dateCreated":"2016-09-02T18:48:36.785Z","createdBy":"6ordz9pgLnjHyYMmg","dateModified":"2016-09-02T18:48:36.786Z","modifiedBy":"6ordz9pgLnjHyYMmg","variables":[],"code":""},
{"_id":"XgdpBzDai9RcgaMMu","projectId":"Mn7pkAGvfCrGGTYT5","projectVersionId":"pq6BP5yukdnwZwT42","nodeId":"d51815fec313adb066a5cc23","routes":[{"order":0,"nodeId":"62462e95800e4fd1ba23f27b","routeCode":""}],"title":"View Version Activity","staticId":"d3f6f0e9df102f33f7cca47f","dateCreated":"2016-09-02T18:48:36.795Z","createdBy":"6ordz9pgLnjHyYMmg","dateModified":"2016-09-02T18:48:36.795Z","modifiedBy":"6ordz9pgLnjHyYMmg","code":""},
{"_id":"6KZNXG676agx5SSbx","projectId":"Mn7pkAGvfCrGGTYT5","projectVersionId":"pq6BP5yukdnwZwT42","nodeId":"d51815fec313adb066a5cc23","routes":[{"order":0,"nodeId":"879b89beda94ae906432d7eb","routeCode":""}],"title":"New Action","staticId":"d8411f76dfa8c536137162a2","dateCreated":"2016-09-02T18:48:36.804Z","createdBy":"6ordz9pgLnjHyYMmg","dateModified":"2016-09-02T18:48:36.805Z","modifiedBy":"6ordz9pgLnjHyYMmg","code":""},
{"_id":"JxhNsvgMf8S2BEKmi","projectId":"Mn7pkAGvfCrGGTYT5","projectVersionId":"pq6BP5yukdnwZwT42","nodeId":"bd9309245d0c66ab3a37670f","routes":[{"order":0,"nodeId":"12f006a57b1f1d0606763117","routeCode":"email.toLowerCase() == account.email.toLowerCase() && password == account.password"},{"order":1,"nodeId":"bd9309245d0c66ab3a37670f","routeCode":""}],"title":"Login Retry","staticId":"709f10c37cd3805723d2c98b","dateCreated":"2016-09-02T18:48:36.811Z","createdBy":"6ordz9pgLnjHyYMmg","dateModified":"2016-09-02T18:48:36.811Z","modifiedBy":"6ordz9pgLnjHyYMmg","code":""},
{"_id":"m4rDGWemyJD9Jg8mQ","projectId":"Mn7pkAGvfCrGGTYT5","projectVersionId":"pq6BP5yukdnwZwT42","nodeId":"64f31b7d83f62dcc3b3ebfa7","routes":[{"order":0,"nodeId":"913649627257b0d1a7d9622b","routeCode":""}],"title":"Show Sign Up","staticId":"decc77da7374865d438bde3d","code":"driver.click('//BUTTON[contains(@class,\"show-signup\")]');","dateCreated":"2016-09-02T18:48:36.823Z","createdBy":"6ordz9pgLnjHyYMmg","dateModified":"2016-09-02T18:48:36.823Z","modifiedBy":"6ordz9pgLnjHyYMmg"},
{"_id":"4KYZKmyXcD86TFhvJ","projectId":"Mn7pkAGvfCrGGTYT5","projectVersionId":"pq6BP5yukdnwZwT42","nodeId":"2df4045b9625c52fd40ca365","routes":[{"order":0,"nodeId":"12f006a57b1f1d0606763117","routeCode":""}],"title":"View Personal Home","staticId":"ccf622bffe5f15abea5fd8e2","dateCreated":"2016-09-02T18:48:36.828Z","createdBy":"6ordz9pgLnjHyYMmg","dateModified":"2016-09-02T18:48:36.828Z","modifiedBy":"6ordz9pgLnjHyYMmg","variables":[],"code":""},
{"_id":"GoBvAvrjpNdDMwxy3","projectId":"Mn7pkAGvfCrGGTYT5","projectVersionId":"pq6BP5yukdnwZwT42","nodeId":"2df4045b9625c52fd40ca365","routes":[{"order":0,"nodeId":"991c2ea1ff8bbc3ac405cd64","routeCode":""}],"title":"View Project Version","staticId":"f5c956e22a36acb637582b23","dateCreated":"2016-09-02T18:48:36.840Z","createdBy":"6ordz9pgLnjHyYMmg","dateModified":"2016-09-02T18:48:36.840Z","modifiedBy":"6ordz9pgLnjHyYMmg","variables":[{"order":0,"name":"newVariable","type":0,"varIsArray":false,"defaultValue":""}],"code":""},
{"_id":"vnysr6sn53mkXbHy5","projectId":"Mn7pkAGvfCrGGTYT5","projectVersionId":"pq6BP5yukdnwZwT42","nodeId":"2df4045b9625c52fd40ca365","routes":[{"order":0,"nodeId":"2d807aa6d97488388044b022","routeCode":""}],"title":"View Project","staticId":"837d2dcf77ff974ae1ced93d","dateCreated":"2016-09-02T18:48:36.849Z","createdBy":"6ordz9pgLnjHyYMmg","dateModified":"2016-09-02T18:48:36.849Z","modifiedBy":"6ordz9pgLnjHyYMmg","variables":[],"code":""},
{"_id":"aPvYrwyXfaWwjMCmQ","projectId":"Mn7pkAGvfCrGGTYT5","projectVersionId":"pq6BP5yukdnwZwT42","nodeId":"e958872a2e30149044a53296","routes":[{"order":0,"nodeId":"f38da4b1f88b5583e26b9f3e","routeCode":""}],"title":"View Project Activity","staticId":"4091bd243379995897a246e6","dateCreated":"2016-09-02T18:48:36.855Z","createdBy":"6ordz9pgLnjHyYMmg","dateModified":"2016-09-02T18:48:36.855Z","modifiedBy":"6ordz9pgLnjHyYMmg","variables":[],"code":""},
{"_id":"Hkje9gNEpSkKmmHeS","projectId":"Mn7pkAGvfCrGGTYT5","projectVersionId":"pq6BP5yukdnwZwT42","nodeId":"64f31b7d83f62dcc3b3ebfa7","routes":[{"order":0,"nodeId":"12f006a57b1f1d0606763117","routeCode":"email.toLowerCase() == account.email.toLowerCase() && password == account.password"},{"order":1,"nodeId":"bd9309245d0c66ab3a37670f","routeCode":""}],"title":"Log In","staticId":"e0f815ee2211e1f8383e0543","code":"driver.setValue(\"//INPUT[@id=\\\"loginEmail\\\"]\", email);\ndriver.setValue(\"//INPUT[@id=\\\"loginPassword\\\"]\", password);\ndriver.leftClick(\"(//BUTTON[text()=\\\"Login\\\"])[1]\");","dateCreated":"2016-09-02T18:48:36.865Z","createdBy":"6ordz9pgLnjHyYMmg","dateModified":"2016-09-02T18:48:36.865Z","modifiedBy":"6ordz9pgLnjHyYMmg","variables":[{"order":0,"name":"email","type":0,"varIsArray":false,"defaultValue":"account.email"},{"order":0,"name":"password","type":0,"varIsArray":false,"defaultValue":"account.password"}]},
{"_id":"eNEb5xGGam2zefoNQ","projectId":"Mn7pkAGvfCrGGTYT5","projectVersionId":"pq6BP5yukdnwZwT42","nodeId":"bf3f99023f4184fda101502d","routes":[{"order":0,"nodeId":"12f006a57b1f1d0606763117","routeCode":""}],"title":"Sign Up Successful","staticId":"87ac410457c49765319eb986","dateCreated":"2016-09-02T18:48:36.872Z","createdBy":"6ordz9pgLnjHyYMmg","dateModified":"2016-09-02T18:48:36.872Z","modifiedBy":"6ordz9pgLnjHyYMmg","code":""},
{"_id":"QRgdLZ94RspGaFDz9","projectId":"Mn7pkAGvfCrGGTYT5","projectVersionId":"pq6BP5yukdnwZwT42","nodeId":"bf3f99023f4184fda101502d","routes":[{"order":0,"nodeId":"bf3f99023f4184fda101502d","routeCode":""}],"title":"Sign Up Failed Again","staticId":"2f73a2050219ba341491713d","dateCreated":"2016-09-02T18:48:36.877Z","createdBy":"6ordz9pgLnjHyYMmg","dateModified":"2016-09-02T18:48:36.878Z","modifiedBy":"6ordz9pgLnjHyYMmg","code":""},
{"_id":"dpCEWmKbCWCpNphA5","projectId":"Mn7pkAGvfCrGGTYT5","projectVersionId":"pq6BP5yukdnwZwT42","nodeId":"913649627257b0d1a7d9622b","routes":[{"order":0,"nodeId":"12f006a57b1f1d0606763117","routeCode":"let emailCorrect = email.toLowerCase() == account.email.toLowerCase(),\n    emailMatch = email.toLowerCase() == emailConfirm.toLowerCase(),\n    nameValid = name.length > 0,\n    passwordValid = password.length > 0;\n    \nreturn emailCorrect && emailMatch && nameValid && passwordValid;"},{"order":1,"nodeId":"913649627257b0d1a7d9622b","routeCode":"2 == 3"},{"order":2,"nodeId":"bf3f99023f4184fda101502d"}],"title":"Sign Up","staticId":"5ce433152d9af7bffc37c967","code":"driver.setValue('//INPUT[@id=\"signupName\"]', name);\ndriver.setValue('//INPUT[@id=\"signupEmail\"]', email);\ndriver.setValue('//INPUT[@id=\"signupConfirmEmail\"]', emailConfirm);\ndriver.setValue('//INPUT[@id=\"signupPassword\"]', password);\ndriver.click('//DIV[@id=\"signup-form-container\"]//BUTTON[contains(@class,\"signup\")]')","dateCreated":"2016-09-02T18:48:36.887Z","createdBy":"6ordz9pgLnjHyYMmg","dateModified":"2016-09-11T12:27:22.630Z","modifiedBy":"6ordz9pgLnjHyYMmg","variables":[{"order":0,"name":"name","type":0,"varIsArray":false,"defaultValue":"account.name"},{"order":1,"name":"email","type":0,"varIsArray":false,"defaultValue":"account.email"},{"order":2,"name":"emailConfirm","type":0,"varIsArray":false,"defaultValue":"account.email"},{"order":3,"name":"password","type":0,"varIsArray":false,"defaultValue":"account.password"}]},
{"_id":"92uvKRpKwhuQ7vqAL","projectId":"Mn7pkAGvfCrGGTYT5","projectVersionId":"pq6BP5yukdnwZwT42","nodeId":"913649627257b0d1a7d9622b","routes":[{"order":0,"nodeId":"64f31b7d83f62dcc3b3ebfa7","routeCode":""}],"title":"Show Log In","staticId":"b8d025d0462bc4f4fe2ec002","code":"driver.leftClick('//BUTTON[contains(@class,\"show-login\")]');\ndriver.leftClick('//BUTTON[contains(@class, \"pull-left\") and contains(@class, \"show-login\")]');\ndriver.doDoubleClick('//BUTTON[contains(@class, \"pull-left\") and contains(@class, \"show-login\")]');","dateCreated":"2016-09-02T18:48:36.892Z","createdBy":"6ordz9pgLnjHyYMmg","dateModified":"2016-09-02T18:48:36.892Z","modifiedBy":"6ordz9pgLnjHyYMmg"},
{"_id":"NXETsAA7H9P5uSm6t","projectId":"Mn7pkAGvfCrGGTYT5","projectVersionId":"pq6BP5yukdnwZwT42","nodeId":"7e4425e6474f51b3cbba7b52","routes":[{"order":0,"nodeId":"12f006a57b1f1d0606763117","routeCode":""}],"title":"View Personal Home","staticId":"64e4bf542017f259e35444be","code":"driver.moveTo('(//DIV[contains(@class, \"nav-body\")])[1]');\ndriver.wait(500);\ndriver.leftClick('//H4[contains(@class, \"nav-name\")]');","dateCreated":"2016-09-02T18:48:36.898Z","createdBy":"6ordz9pgLnjHyYMmg","dateModified":"2016-09-02T18:48:36.898Z","modifiedBy":"6ordz9pgLnjHyYMmg"},
{"_id":"Ev7HEuKPZJZT3gfxQ","projectId":"Mn7pkAGvfCrGGTYT5","projectVersionId":"pq6BP5yukdnwZwT42","nodeId":"7e4425e6474f51b3cbba7b52","routes":[{"order":0,"nodeId":"2d807aa6d97488388044b022","routeCode":""}],"title":"View Project","staticId":"92c2fe2cc9fe79762c198b9c","code":"driver.moveTo('(//DIV[contains(@class, \"nav-body\")])[1]');\ndriver.wait(500);\ndriver.leftClick('//DIV[contains(@class,\"nav-body-left\")]/H5/A');","dateCreated":"2016-09-02T18:48:36.908Z","createdBy":"6ordz9pgLnjHyYMmg","dateModified":"2016-09-02T18:48:36.909Z","modifiedBy":"6ordz9pgLnjHyYMmg"},
{"_id":"mHGDXKXJAhj8c9LGJ","projectId":"Mn7pkAGvfCrGGTYT5","projectVersionId":"pq6BP5yukdnwZwT42","nodeId":"7e4425e6474f51b3cbba7b52","routes":[{"order":0,"nodeId":"991c2ea1ff8bbc3ac405cd64","routeCode":""}],"title":"View Project Version","staticId":"3e29f5d8b4ebc7d3cb448216","code":"driver.moveTo('(//DIV[contains(@class, \"nav-body\")])[1]');\ndriver.wait(500);\ndriver.leftClick('//DIV[contains(@class,\"nav-body-left\")]/DIV/A[contains(@href, \"home\") and contains(@href, \"versions\")]');","dateCreated":"2016-09-02T18:48:36.916Z","createdBy":"6ordz9pgLnjHyYMmg","dateModified":"2016-09-02T18:48:36.916Z","modifiedBy":"6ordz9pgLnjHyYMmg"}
]
