[
{"_id":"b45TBcrnguGSNFaiA","projectId":"Mn7pkAGvfCrGGTYT5","projectVersionId":"pq6BP5yukdnwZwT42","templateId":"4bbd01b6de8b12b2832a6584","parentId":"4bbd01b6de8b12b2832a6584","type":2,"config":{"testCaseId":"272637219a587c68bc6bef97"},"order":1,"staticId":"9ea80351a5f53badc900d69f","dateCreated":"2016-09-02T18:48:37.698Z","createdBy":"6ordz9pgLnjHyYMmg"},
{"_id":"ZReJaqChc8pLAWnYi","projectId":"Mn7pkAGvfCrGGTYT5","projectVersionId":"pq6BP5yukdnwZwT42","templateId":"4bbd01b6de8b12b2832a6584","parentId":"4bbd01b6de8b12b2832a6584","type":2,"config":{"testCaseId":"37afef928ac35b2bcca2d282"},"order":3,"staticId":"5e43d7ac5a3d3087add16134","dateCreated":"2016-09-02T18:48:37.708Z","createdBy":"6ordz9pgLnjHyYMmg"},
{"_id":"6Mu77mzftpQtnDzer","projectId":"Mn7pkAGvfCrGGTYT5","projectVersionId":"pq6BP5yukdnwZwT42","templateId":"cd228736a50fdfa44a041aab","parentId":"14c7c76f28aaa5d671cb0625","type":2,"config":{"testCaseId":"272637219a587c68bc6bef97"},"order":1,"staticId":"262fdf81dcc2124915106dcc","dateCreated":"2016-09-02T18:48:37.711Z","createdBy":"6ordz9pgLnjHyYMmg"},
{"_id":"f75ABMv2mu8cE6grj","projectId":"Mn7pkAGvfCrGGTYT5","projectVersionId":"pq6BP5yukdnwZwT42","templateId":"cd228736a50fdfa44a041aab","parentId":"14c7c76f28aaa5d671cb0625","type":2,"config":{"testCaseId":"37afef928ac35b2bcca2d282"},"order":2,"staticId":"9b3a2d0a487c3f78e24cfb60","dateCreated":"2016-09-02T18:48:37.714Z","createdBy":"6ordz9pgLnjHyYMmg"},
{"_id":"eMGBmoWctFGsi6w8B","projectId":"Mn7pkAGvfCrGGTYT5","projectVersionId":"pq6BP5yukdnwZwT42","templateId":"cd228736a50fdfa44a041aab","parentId":"2e52c783b8964f74a51d7ecf","type":3,"config":{"testGroupId":"9fe088a44452aeab6cd65323"},"order":1,"staticId":"0597d06609dd4b7c97e601c6","dateCreated":"2016-09-02T18:48:37.718Z","createdBy":"6ordz9pgLnjHyYMmg"},
{"_id":"8Cqc4v5HYEF8j2Gjv","projectId":"Mn7pkAGvfCrGGTYT5","projectVersionId":"pq6BP5yukdnwZwT42","templateId":"cd228736a50fdfa44a041aab","parentId":"cd228736a50fdfa44a041aab","type":1,"config":{"title":"Stage Two"},"order":2,"staticId":"14c7c76f28aaa5d671cb0625","dateCreated":"2016-09-02T18:48:37.720Z","createdBy":"6ordz9pgLnjHyYMmg"},
{"_id":"p8i44u77YME4XhApu","projectId":"Mn7pkAGvfCrGGTYT5","projectVersionId":"pq6BP5yukdnwZwT42","templateId":"cd228736a50fdfa44a041aab","parentId":"cd228736a50fdfa44a041aab","type":1,"config":{"title":"Stage One"},"order":1,"staticId":"2e52c783b8964f74a51d7ecf","dateCreated":"2016-09-02T18:48:37.723Z","createdBy":"6ordz9pgLnjHyYMmg"},
{"_id":"4XSYrjuba7zCJwEeX","projectId":"Mn7pkAGvfCrGGTYT5","projectVersionId":"pq6BP5yukdnwZwT42","templateId":"4bbd01b6de8b12b2832a6584","parentId":"4bbd01b6de8b12b2832a6584","type":2,"config":{"testCaseId":"2ec0e5971f6f3d96f031615d"},"order":4,"staticId":"f1f55f59ce5b8c77d7c43e71","dateCreated":"2016-09-02T18:48:37.730Z","createdBy":"6ordz9pgLnjHyYMmg"},
{"_id":"rEXnF2Tkcv8DHe2Wj","projectId":"Mn7pkAGvfCrGGTYT5","projectVersionId":"pq6BP5yukdnwZwT42","templateId":"4bbd01b6de8b12b2832a6584","parentId":"4bbd01b6de8b12b2832a6584","type":2,"config":{"testCaseId":"d150d4cbbb892663aeb1e9c7"},"order":2,"staticId":"1ec3f29244c6ee92d37d9020","dateCreated":"2016-09-02T18:48:37.735Z","createdBy":"6ordz9pgLnjHyYMmg"}
]
