[
{"_id":"fDR5tk5FemzDbQXfy","title":"docRoba","type":0,"parentId":null,"projectId":"Mn7pkAGvfCrGGTYT5","projectVersionId":"pq6BP5yukdnwZwT42","createdBy":"6ordz9pgLnjHyYMmg","modifiedBy":"6ordz9pgLnjHyYMmg","staticId":"027f057157ecc0483aebe3b6","config":{},"dateCreated":"2015-05-28T10:23:48.702Z","dateModified":"2015-05-28T10:23:48.702Z"},
{"_id":"4HXM8dQaEnGfmffEv","title":"Admin","type":1,"parentId":"027f057157ecc0483aebe3b6","projectId":"Mn7pkAGvfCrGGTYT5","projectVersionId":"pq6BP5yukdnwZwT42","createdBy":"6ordz9pgLnjHyYMmg","modifiedBy":"6ordz9pgLnjHyYMmg","staticId":"780f346f1fb788667068f7c1","config":{},"dateCreated":"2015-05-28T10:23:48.716Z","dateModified":"2015-05-28T10:23:48.716Z"},
{"_id":"rffuPewHouanas5Fr","title":"Web","type":2,"parentId":"780f346f1fb788667068f7c1","projectId":"Mn7pkAGvfCrGGTYT5","projectVersionId":"pq6BP5yukdnwZwT42","createdBy":"6ordz9pgLnjHyYMmg","modifiedBy":"6ordz9pgLnjHyYMmg","staticId":"481cf21fd3e3e12a10f31967","config":{"type":"0","platformConfig":{"viewports":[{"title":"Testing","height":1024,"width":768}]}},"dateCreated":"2015-05-28T10:23:48.736Z","dateModified":"2015-08-15T12:09:11.929Z","userTypeId":"780f346f1fb788667068f7c1"},
{"_id":"4evXJZ6WKKma26bki","title":"iOS","type":2,"parentId":"780f346f1fb788667068f7c1","projectId":"Mn7pkAGvfCrGGTYT5","projectVersionId":"pq6BP5yukdnwZwT42","createdBy":"6ordz9pgLnjHyYMmg","modifiedBy":"6ordz9pgLnjHyYMmg","staticId":"6bf0ab3d6ed665b08fe0a0b2","config":{"ype":"2","type":"2"},"dateCreated":"2015-05-28T10:23:48.773Z","dateModified":"2015-08-14T14:11:10.514Z","userTypeId":"780f346f1fb788667068f7c1"},
{"_id":"sEwcHgusF4kJXxPYE","title":"Tester","type":1,"parentId":"027f057157ecc0483aebe3b6","projectId":"Mn7pkAGvfCrGGTYT5","projectVersionId":"pq6BP5yukdnwZwT42","createdBy":"6ordz9pgLnjHyYMmg","modifiedBy":"6ordz9pgLnjHyYMmg","staticId":"c0a2bd8e82f379217f05dcbe","config":{},"dateCreated":"2015-05-28T10:23:48.784Z","dateModified":"2015-05-28T10:23:48.784Z"},
{"_id":"MpnGzhJqE82r9PCgF","title":"Web","type":2,"parentId":"c0a2bd8e82f379217f05dcbe","projectId":"Mn7pkAGvfCrGGTYT5","projectVersionId":"pq6BP5yukdnwZwT42","createdBy":"6ordz9pgLnjHyYMmg","modifiedBy":"6ordz9pgLnjHyYMmg","staticId":"701cc7859e40ea06dcac2cc9","config":{"type":"0"},"dateCreated":"2015-05-28T10:23:48.814Z","dateModified":"2015-08-14T14:23:28.862Z","userTypeId":"c0a2bd8e82f379217f05dcbe"},
{"_id":"xCst5gR45dg8B3G6N","title":"Log In","type":3,"parentId":"701cc7859e40ea06dcac2cc9","projectId":"Mn7pkAGvfCrGGTYT5","projectVersionId":"pq6BP5yukdnwZwT42","createdBy":"6ordz9pgLnjHyYMmg","modifiedBy":"6ordz9pgLnjHyYMmg","staticId":"67613b005fd34c4bcf1f3490","config":{},"dateCreated":"2015-05-28T10:23:48.824Z","dateModified":"2015-08-09T23:37:08.440Z","userTypeId":"c0a2bd8e82f379217f05dcbe","platformId":"701cc7859e40ea06dcac2cc9"},
{"_id":"iLzytMwS5DSJ83vgy","title":"Tester Home","type":3,"parentId":"67613b005fd34c4bcf1f3490","projectId":"Mn7pkAGvfCrGGTYT5","projectVersionId":"pq6BP5yukdnwZwT42","createdBy":"6ordz9pgLnjHyYMmg","modifiedBy":"6ordz9pgLnjHyYMmg","staticId":"440d4e5b9b0d69b848ed9fe0","config":{},"dateCreated":"2015-05-28T10:23:48.833Z","dateModified":"2015-08-09T23:37:08.482Z","userTypeId":"c0a2bd8e82f379217f05dcbe","platformId":"701cc7859e40ea06dcac2cc9"},
{"_id":"mRaArc2aQcfkCGZL8","title":"Developer","type":1,"parentId":"027f057157ecc0483aebe3b6","projectId":"Mn7pkAGvfCrGGTYT5","projectVersionId":"pq6BP5yukdnwZwT42","createdBy":"6ordz9pgLnjHyYMmg","modifiedBy":"6ordz9pgLnjHyYMmg","staticId":"047ebba51ae336654a765ca0","config":{},"dateCreated":"2015-05-28T10:23:48.850Z","dateModified":"2015-05-28T10:23:48.850Z"},
{"_id":"yeQvd4xo9hgqTPDwx","title":"Web","type":2,"parentId":"047ebba51ae336654a765ca0","projectId":"Mn7pkAGvfCrGGTYT5","projectVersionId":"pq6BP5yukdnwZwT42","createdBy":"6ordz9pgLnjHyYMmg","modifiedBy":"6ordz9pgLnjHyYMmg","staticId":"d711d5b3dd7f04e428506dc1","config":{"type":"0"},"dateCreated":"2015-05-28T10:23:48.867Z","dateModified":"2015-08-14T14:23:20.824Z","userTypeId":"047ebba51ae336654a765ca0"},
{"_id":"C8WTuHcAicTmvaHQx","title":"Log In","type":3,"parentId":"d711d5b3dd7f04e428506dc1","projectId":"Mn7pkAGvfCrGGTYT5","projectVersionId":"pq6BP5yukdnwZwT42","createdBy":"6ordz9pgLnjHyYMmg","modifiedBy":"6ordz9pgLnjHyYMmg","staticId":"9c4d7a0446d97b5e86a896dd","config":{},"dateCreated":"2015-05-28T10:23:48.875Z","dateModified":"2015-08-09T23:37:08.591Z","userTypeId":"047ebba51ae336654a765ca0","platformId":"d711d5b3dd7f04e428506dc1"},
{"_id":"uyjJRgXanaeFnGT7i","title":"Developer Home","type":3,"parentId":"9c4d7a0446d97b5e86a896dd","projectId":"Mn7pkAGvfCrGGTYT5","projectVersionId":"pq6BP5yukdnwZwT42","createdBy":"6ordz9pgLnjHyYMmg","modifiedBy":"6ordz9pgLnjHyYMmg","staticId":"a7f60699721553f4aec395fb","config":{},"dateCreated":"2015-05-28T10:23:48.898Z","dateModified":"2015-08-09T23:37:08.640Z","userTypeId":"047ebba51ae336654a765ca0","platformId":"d711d5b3dd7f04e428506dc1"},
{"_id":"QKYCEMQ3isdADi7uZ","parentId":"64f31b7d83f62dcc3b3ebfa7","type":4,"title":"Login Failed","projectId":"Mn7pkAGvfCrGGTYT5","projectVersionId":"pq6BP5yukdnwZwT42","staticId":"bd9309245d0c66ab3a37670f","config":{},"dateCreated":"2015-06-06T12:37:15.830Z","createdBy":"6ordz9pgLnjHyYMmg","dateModified":"2015-08-09T23:37:07.293Z","modifiedBy":"6ordz9pgLnjHyYMmg","userTypeId":"780f346f1fb788667068f7c1","platformId":"481cf21fd3e3e12a10f31967"},
{"_id":"5YBikD2CJqpEQnWcw","parentId":"2d807aa6d97488388044b022","type":5,"title":"Project Nav","projectId":"Mn7pkAGvfCrGGTYT5","projectVersionId":"pq6BP5yukdnwZwT42","staticId":"e958872a2e30149044a53296","config":{},"dateCreated":"2015-06-13T00:32:39.883Z","createdBy":"6ordz9pgLnjHyYMmg","dateModified":"2015-08-09T23:37:07.671Z","modifiedBy":"6ordz9pgLnjHyYMmg","userTypeId":"780f346f1fb788667068f7c1","platformId":"481cf21fd3e3e12a10f31967"},
{"_id":"fbZQwduazWPchc39N","parentId":"913649627257b0d1a7d9622b","userTypeId":"780f346f1fb788667068f7c1","platformId":"481cf21fd3e3e12a10f31967","type":4,"title":"Sign Up Failed","projectId":"Mn7pkAGvfCrGGTYT5","projectVersionId":"pq6BP5yukdnwZwT42","staticId":"bf3f99023f4184fda101502d","isEntry":false,"isExit":false,"config":{},"dateCreated":"2015-08-29T14:52:08.868Z","createdBy":"6ordz9pgLnjHyYMmg","dateModified":"2015-08-29T14:52:18.845Z","modifiedBy":"6ordz9pgLnjHyYMmg"},
{"_id":"rgDxv7X25xwKSiuNg","title":"Login","type":3,"parentId":"481cf21fd3e3e12a10f31967","projectId":"Mn7pkAGvfCrGGTYT5","projectVersionId":"pq6BP5yukdnwZwT42","createdBy":"6ordz9pgLnjHyYMmg","modifiedBy":"6ordz9pgLnjHyYMmg","staticId":"64f31b7d83f62dcc3b3ebfa7","config":{},"dateCreated":"2015-05-28T10:23:48.746Z","dateModified":"2015-11-14T22:19:45.694Z","url":"/login","pageTitle":"DocRoba :: Login","readyCode":"ready.waitForVisible(\"//INPUT[@id='loginEmail']\");\nready.waitForVisible(\"//INPUT[@id='loginPassword']\");\nready.waitForVisible(\"//BUTTON[contains(@class,'login')]\");","validationCode":"valid.isVisible(\"//INPUT[@id='loginEmail']\");\nvalid.isVisible(\"//INPUT[@id='loginPassword']\");\nvalid.isVisible(\"//BUTTON[contains(@class,'login')]\");","urlParameters":[],"userTypeId":"780f346f1fb788667068f7c1","platformId":"481cf21fd3e3e12a10f31967"},
{"_id":"qudE3PXfH9y8T4Nq3","title":"Personal Dashboard","type":3,"parentId":"64f31b7d83f62dcc3b3ebfa7","projectId":"Mn7pkAGvfCrGGTYT5","projectVersionId":"pq6BP5yukdnwZwT42","createdBy":"6ordz9pgLnjHyYMmg","modifiedBy":"6ordz9pgLnjHyYMmg","staticId":"12f006a57b1f1d0606763117","config":{},"dateCreated":"2015-05-28T10:23:48.755Z","dateModified":"2015-11-14T22:18:12.224Z","pageTitle":"Home","url":"/home","readyCode":"// Page header\nready.waitForVisible(\"//H1[contains(text(), \\\"Personal Dashboard\\\")]\");\n\n// Nav Menu\nready.waitForVisible(\"//DIV[contains(@class,\\\"home-nav-item\\\")]/H4\");","navMenus":["2df4045b9625c52fd40ca365","7e4425e6474f51b3cbba7b52"],"urlParameters":[],"userTypeId":"780f346f1fb788667068f7c1","platformId":"481cf21fd3e3e12a10f31967"},
{"_id":"XzANM4jkeSN6xbq3W","parentId":"12f006a57b1f1d0606763117","type":5,"title":"Home Nav","projectId":"Mn7pkAGvfCrGGTYT5","projectVersionId":"pq6BP5yukdnwZwT42","staticId":"2df4045b9625c52fd40ca365","config":{},"dateCreated":"2015-06-11T09:43:24.369Z","createdBy":"6ordz9pgLnjHyYMmg","dateModified":"2015-08-09T23:37:07.502Z","modifiedBy":"6ordz9pgLnjHyYMmg","userTypeId":"780f346f1fb788667068f7c1","platformId":"481cf21fd3e3e12a10f31967"},
{"_id":"pweE7RS5yw8c8Gdwm","parentId":"12f006a57b1f1d0606763117","type":5,"title":"Global Nav","projectId":"Mn7pkAGvfCrGGTYT5","projectVersionId":"pq6BP5yukdnwZwT42","staticId":"7e4425e6474f51b3cbba7b52","config":{},"dateCreated":"2015-06-11T09:56:16.822Z","createdBy":"6ordz9pgLnjHyYMmg","dateModified":"2015-08-09T23:37:07.434Z","modifiedBy":"6ordz9pgLnjHyYMmg","userTypeId":"780f346f1fb788667068f7c1","platformId":"481cf21fd3e3e12a10f31967"},
{"_id":"DnGykGSGcqC3miGzR","parentId":"12f006a57b1f1d0606763117","projectId":"Mn7pkAGvfCrGGTYT5","projectVersionId":"pq6BP5yukdnwZwT42","type":3,"title":"Project Home","pageTitle":"Home :: *","url":"/home/projects/*","staticId":"2d807aa6d97488388044b022","config":{},"dateCreated":"2015-06-06T21:41:10.203Z","createdBy":"6ordz9pgLnjHyYMmg","dateModified":"2015-08-09T23:37:07.590Z","modifiedBy":"6ordz9pgLnjHyYMmg","navMenus":["2df4045b9625c52fd40ca365","7e4425e6474f51b3cbba7b52","e958872a2e30149044a53296"],"userTypeId":"780f346f1fb788667068f7c1","platformId":"481cf21fd3e3e12a10f31967"},
{"_id":"4SQq7XWmeYGBwT6yf","parentId":"2d807aa6d97488388044b022","projectId":"Mn7pkAGvfCrGGTYT5","projectVersionId":"pq6BP5yukdnwZwT42","type":4,"title":"Project Team","pageTitle":"Home :: *","url":"/home/projects/*","staticId":"8fd26065f2da29522d7694f0","config":{},"dateCreated":"2015-06-06T21:44:32.990Z","createdBy":"6ordz9pgLnjHyYMmg","dateModified":"2015-08-09T23:37:07.845Z","modifiedBy":"6ordz9pgLnjHyYMmg","navMenus":["2df4045b9625c52fd40ca365","7e4425e6474f51b3cbba7b52","e958872a2e30149044a53296"],"userTypeId":"780f346f1fb788667068f7c1","platformId":"481cf21fd3e3e12a10f31967"},
{"_id":"CyBPmQx5oQiixSDSs","parentId":"991c2ea1ff8bbc3ac405cd64","type":5,"title":"Project Version Nav","projectId":"Mn7pkAGvfCrGGTYT5","projectVersionId":"pq6BP5yukdnwZwT42","staticId":"d51815fec313adb066a5cc23","config":{},"dateCreated":"2015-06-13T00:35:35.024Z","createdBy":"6ordz9pgLnjHyYMmg","dateModified":"2015-08-09T23:37:08.062Z","modifiedBy":"6ordz9pgLnjHyYMmg","userTypeId":"780f346f1fb788667068f7c1","platformId":"481cf21fd3e3e12a10f31967"},
{"_id":"DjJw8N4rwrxGoL5Xy","parentId":"2d807aa6d97488388044b022","projectId":"Mn7pkAGvfCrGGTYT5","projectVersionId":"pq6BP5yukdnwZwT42","type":3,"title":"Project Version Home","pageTitle":"Home :: * v *","url":"/home/projects/*/versions/*","staticId":"991c2ea1ff8bbc3ac405cd64","config":{},"dateCreated":"2015-06-06T22:16:08.594Z","createdBy":"6ordz9pgLnjHyYMmg","dateModified":"2015-08-09T23:37:07.930Z","modifiedBy":"6ordz9pgLnjHyYMmg","navMenus":["2df4045b9625c52fd40ca365","7e4425e6474f51b3cbba7b52","d51815fec313adb066a5cc23"],"userTypeId":"780f346f1fb788667068f7c1","platformId":"481cf21fd3e3e12a10f31967"},
{"_id":"AknLLz7MyascD8dkP","parentId":"2d807aa6d97488388044b022","projectId":"Mn7pkAGvfCrGGTYT5","projectVersionId":"pq6BP5yukdnwZwT42","type":4,"title":"Project Activity","pageTitle":"Home :: *","url":"/home/projects/*","staticId":"f38da4b1f88b5583e26b9f3e","config":{},"dateCreated":"2015-06-06T21:47:38.231Z","createdBy":"6ordz9pgLnjHyYMmg","dateModified":"2015-08-09T23:37:07.705Z","modifiedBy":"6ordz9pgLnjHyYMmg","validationCode":"driver.isExisting(\"//LI[contains(@class,\\\"active\\\")]/A[@data-tab-name=\\\"activity\\\"]\");\ndriver.isExisting(\"//DIV[contains(@class,\\\"tab\\\") and contains(@class,\\\"active\\\")]/H4[text()=\\\"Project Activity\\\"]\");","readyCode":"driver.isVisible(\"//LI[contains(@class,\\\"active\\\")]/A[@data-tab-name=\\\"activity\\\"]\");\ndriver.isVisible(\"//DIV[contains(@class,\\\"tab\\\") and contains(@class,\\\"active\\\")]/H4[text()=\\\"Project Activity\\\"]\");","navMenus":["2df4045b9625c52fd40ca365","7e4425e6474f51b3cbba7b52","e958872a2e30149044a53296"],"userTypeId":"780f346f1fb788667068f7c1","platformId":"481cf21fd3e3e12a10f31967"},
{"_id":"rEabXBvKuSKiXKbQK","parentId":"2d807aa6d97488388044b022","projectId":"Mn7pkAGvfCrGGTYT5","projectVersionId":"pq6BP5yukdnwZwT42","type":4,"title":"Project Versions","pageTitle":"Home :: *","url":"/home/projects/*","staticId":"1de09e196dac529a191185fe","config":{},"dateCreated":"2015-06-06T21:46:53.373Z","createdBy":"6ordz9pgLnjHyYMmg","dateModified":"2015-08-09T23:37:07.799Z","modifiedBy":"6ordz9pgLnjHyYMmg","readyCode":"driver.isVisible(\"//LI[contains(@class,\\\"active\\\")]/A[@data-tab-name=\\\"activity\\\"]\");\ndriver.isVisible(\"//DIV[contains(@class,\\\"tab\\\") and contains(@class,\\\"active\\\")]/H4[text()=\\\"Project Activity\\\"]\");","validationCode":"driver.isExisting(\"//LI[contains(@class,\\\"active\\\")]/A[@data-tab-name=\\\"activity\\\"]\");\ndriver.isExisting(\"//DIV[contains(@class,\\\"tab\\\") and contains(@class,\\\"active\\\")]/H4[text()=\\\"Project Activity\\\"]\");","navMenus":["2df4045b9625c52fd40ca365","7e4425e6474f51b3cbba7b52","e958872a2e30149044a53296"],"userTypeId":"780f346f1fb788667068f7c1","platformId":"481cf21fd3e3e12a10f31967"},
{"_id":"M2vf3fFTotjD5CM3f","parentId":"991c2ea1ff8bbc3ac405cd64","type":4,"title":"Version Activity","projectId":"Mn7pkAGvfCrGGTYT5","projectVersionId":"pq6BP5yukdnwZwT42","staticId":"62462e95800e4fd1ba23f27b","config":{},"dateCreated":"2015-06-07T14:10:04.883Z","createdBy":"6ordz9pgLnjHyYMmg","dateModified":"2015-08-09T23:37:08.141Z","modifiedBy":"6ordz9pgLnjHyYMmg","pageTitle":"Home :: * v *","navMenus":["2df4045b9625c52fd40ca365","7e4425e6474f51b3cbba7b52","d51815fec313adb066a5cc23"],"userTypeId":"780f346f1fb788667068f7c1","platformId":"481cf21fd3e3e12a10f31967"},
{"_id":"E3vZ6NndPJzGCKcCn","parentId":"991c2ea1ff8bbc3ac405cd64","type":4,"title":"New View","projectId":"Mn7pkAGvfCrGGTYT5","projectVersionId":"pq6BP5yukdnwZwT42","staticId":"879b89beda94ae906432d7eb","config":{},"dateCreated":"2015-06-07T14:11:12.500Z","createdBy":"6ordz9pgLnjHyYMmg","dateModified":"2015-08-09T23:37:08.208Z","modifiedBy":"6ordz9pgLnjHyYMmg","navMenus":["2df4045b9625c52fd40ca365","7e4425e6474f51b3cbba7b52","d51815fec313adb066a5cc23"],"userTypeId":"780f346f1fb788667068f7c1","platformId":"481cf21fd3e3e12a10f31967"},
{"_id":"rAkT9g4bXzFKmaSwn","parentId":"780f346f1fb788667068f7c1","userTypeId":"780f346f1fb788667068f7c1","type":2,"title":"Emails","projectId":"Mn7pkAGvfCrGGTYT5","projectVersionId":"pq6BP5yukdnwZwT42","staticId":"1424892291849e99cc705497","isEntry":false,"isExit":false,"config":{"type":"3"},"dateCreated":"2015-08-15T10:15:25.487Z","createdBy":"6ordz9pgLnjHyYMmg","dateModified":"2015-08-15T10:15:37.371Z","modifiedBy":"6ordz9pgLnjHyYMmg"},
{"_id":"JtzFAXFeuFZCC7Aau","parentId":"1424892291849e99cc705497","userTypeId":"780f346f1fb788667068f7c1","platformId":"1424892291849e99cc705497","type":6,"title":"New Email","projectId":"Mn7pkAGvfCrGGTYT5","projectVersionId":"pq6BP5yukdnwZwT42","staticId":"8549347941aa480598f0fa66","isEntry":false,"isExit":false,"config":{},"dateCreated":"2015-08-29T13:44:15.828Z","createdBy":"6ordz9pgLnjHyYMmg","dateModified":"2015-08-29T13:44:15.828Z","modifiedBy":"6ordz9pgLnjHyYMmg"},
{"_id":"NCBXGJGSwpFqTkK9z","parentId":"1424892291849e99cc705497","userTypeId":"780f346f1fb788667068f7c1","platformId":"1424892291849e99cc705497","type":6,"title":"New Email","projectId":"Mn7pkAGvfCrGGTYT5","projectVersionId":"pq6BP5yukdnwZwT42","staticId":"a7d9f2e534632a6dcf0899b1","isEntry":false,"isExit":false,"config":{},"dateCreated":"2015-08-29T13:45:35.150Z","createdBy":"6ordz9pgLnjHyYMmg","dateModified":"2015-08-29T13:45:35.150Z","modifiedBy":"6ordz9pgLnjHyYMmg"},
{"_id":"tTGaAL4fEf2qXDBDf","parentId":"1424892291849e99cc705497","userTypeId":"780f346f1fb788667068f7c1","platformId":"1424892291849e99cc705497","type":6,"title":"New Email","projectId":"Mn7pkAGvfCrGGTYT5","projectVersionId":"pq6BP5yukdnwZwT42","staticId":"2d484c0e9438498f97901a14","isEntry":false,"isExit":false,"config":{},"dateCreated":"2015-08-29T13:45:39.153Z","createdBy":"6ordz9pgLnjHyYMmg","dateModified":"2015-08-29T13:45:39.153Z","modifiedBy":"6ordz9pgLnjHyYMmg"},
{"_id":"rKwk3E6fvmrsHpfAF","parentId":"64f31b7d83f62dcc3b3ebfa7","userTypeId":"780f346f1fb788667068f7c1","platformId":"481cf21fd3e3e12a10f31967","type":4,"title":"Sign Up","projectId":"Mn7pkAGvfCrGGTYT5","projectVersionId":"pq6BP5yukdnwZwT42","staticId":"913649627257b0d1a7d9622b","isEntry":false,"isExit":false,"config":{},"dateCreated":"2015-08-29T13:56:21.508Z","createdBy":"6ordz9pgLnjHyYMmg","dateModified":"2015-09-03T11:53:24.219Z","modifiedBy":"6ordz9pgLnjHyYMmg","pageTitle":"DocRoba :: Sign Up","url":"/login","urlParameters":[],"readyCode":"ready.waitForVisible('(//BUTTON[text()=\"Login\"])[2]');\nready.waitForEnabled('//BUTTON[contains(@class, \"pull-left\") and contains(@class, \"show-login\")]');","validationCode":"valid.isVisible('//BUTTON[contains(@class, \"pull-left\") and contains(@class, \"show-login\")]');"}
]
