[
{"_id":"g38S7fufujWQBq3rq","projectId":"Mn7pkAGvfCrGGTYT5","projectVersionId":"pq6BP5yukdnwZwT42","testResultId":"6LNA9d8LnxdrafQ84","testResultRoleId":"9TcMiiBKRr8DwR7yR","testCaseStepId":"19144ae27b10ddab518229a5","order":0,"type":0,"data":{"nodeId":"64f31b7d83f62dcc3b3ebfa7","action":null,"node":{"_id":"rgDxv7X25xwKSiuNg","title":"Login","type":3,"parentId":"481cf21fd3e3e12a10f31967","projectId":"Mn7pkAGvfCrGGTYT5","projectVersionId":"pq6BP5yukdnwZwT42","createdBy":"6ordz9pgLnjHyYMmg","modifiedBy":"6ordz9pgLnjHyYMmg","staticId":"64f31b7d83f62dcc3b3ebfa7","config":{},"dateCreated":"2015-05-28T10:23:48.746Z","dateModified":"2015-09-13T01:28:02.002Z","url":"/login","pageTitle":"DocRoba :: Login","readyCode":"ready.waitForVisible(\"//INPUT[@id='loginEmail']\");\nready.waitForVisible(\"//INPUT[@id='loginPassword']\");\nready.waitForVisible(\"//BUTTON[contains(@class,'login')]\");","validationCode":"driver.isVisible(\"//INPUT[@id='loginEmail']\");\ndriver.isVisible(\"//INPUT[@id='loginPassword']\");\ndriver.isVisible(\"//BUTTON[contains(@class,'login')]\");","urlParameters":[],"userTypeId":"780f346f1fb788667068f7c1","platformId":"481cf21fd3e3e12a10f31967"}},"status":5,"checks":[{"node":{"_id":"rgDxv7X25xwKSiuNg","title":"Login","type":3,"parentId":"481cf21fd3e3e12a10f31967","projectId":"Mn7pkAGvfCrGGTYT5","projectVersionId":"pq6BP5yukdnwZwT42","createdBy":"6ordz9pgLnjHyYMmg","modifiedBy":"6ordz9pgLnjHyYMmg","staticId":"64f31b7d83f62dcc3b3ebfa7","config":{},"dateCreated":"2015-05-28T10:23:48.746Z","dateModified":"2015-09-13T01:28:02.002Z","url":"/login","pageTitle":"DocRoba :: Login","readyCode":"ready.waitForVisible(\"//INPUT[@id='loginEmail']\");\nready.waitForVisible(\"//INPUT[@id='loginPassword']\");\nready.waitForVisible(\"//BUTTON[contains(@class,'login')]\");","validationCode":"driver.isVisible(\"//INPUT[@id='loginEmail']\");\ndriver.isVisible(\"//INPUT[@id='loginPassword']\");\ndriver.isVisible(\"//BUTTON[contains(@class,'login')]\");","urlParameters":[],"userTypeId":"780f346f1fb788667068f7c1","platformId":"481cf21fd3e3e12a10f31967"},"ready":{"checks":[{"command":"waitForVisible","args":["//INPUT[@id='loginEmail']",5000,null],"result":{"pass":true,"time":1204,"timeout":5000}},{"command":"waitForVisible","args":["//INPUT[@id='loginPassword']",5000,null],"result":{"pass":true,"time":1344,"timeout":5000}},{"command":"waitForVisible","args":["//BUTTON[contains(@class,'login')]",5000,null],"result":{"pass":true,"time":1480,"timeout":5000}}]},"validation":{}}],"resultCode":1,"result":null},
{"_id":"zaeix2P78vv7Zpq6Q","projectId":"Mn7pkAGvfCrGGTYT5","projectVersionId":"pq6BP5yukdnwZwT42","testResultId":"6LNA9d8LnxdrafQ84","testResultRoleId":"9TcMiiBKRr8DwR7yR","testCaseStepId":"34da7bbcb6f27e0f3e15f7cc","order":2,"type":0,"data":{"nodeId":"12f006a57b1f1d0606763117","action":null,"node":{"_id":"qudE3PXfH9y8T4Nq3","title":"Personal Dashboard","type":3,"parentId":"64f31b7d83f62dcc3b3ebfa7","projectId":"Mn7pkAGvfCrGGTYT5","projectVersionId":"pq6BP5yukdnwZwT42","createdBy":"6ordz9pgLnjHyYMmg","modifiedBy":"6ordz9pgLnjHyYMmg","staticId":"12f006a57b1f1d0606763117","config":{},"dateCreated":"2015-05-28T10:23:48.755Z","dateModified":"2015-08-09T23:37:07.350Z","pageTitle":"Home","url":"/home","readyCode":"// Nav entry\nready.waitForVisible(\"//H3[contains(@class,\\\"home-top-nav\\\")]/A[contains(text(), \\\"Personal Dashboard\\\")]\");\n\n// Page header\nready.waitForVisible(\"//DIV[contains(@class,\\\"home-content\\\")]/DIV[contains(@class,\\\"header\\\") and contains(text(), \\\"Personal Dashboard\\\")]\");","navMenus":["2df4045b9625c52fd40ca365","7e4425e6474f51b3cbba7b52"],"urlParameters":[],"userTypeId":"780f346f1fb788667068f7c1","platformId":"481cf21fd3e3e12a10f31967"}},"status":5,"checks":[{"node":{"_id":"qudE3PXfH9y8T4Nq3","title":"Personal Dashboard","type":3,"parentId":"64f31b7d83f62dcc3b3ebfa7","projectId":"Mn7pkAGvfCrGGTYT5","projectVersionId":"pq6BP5yukdnwZwT42","createdBy":"6ordz9pgLnjHyYMmg","modifiedBy":"6ordz9pgLnjHyYMmg","staticId":"12f006a57b1f1d0606763117","config":{},"dateCreated":"2015-05-28T10:23:48.755Z","dateModified":"2015-08-09T23:37:07.350Z","pageTitle":"Home","url":"/home","readyCode":"// Nav entry\nready.waitForVisible(\"//H3[contains(@class,\\\"home-top-nav\\\")]/A[contains(text(), \\\"Personal Dashboard\\\")]\");\n\n// Page header\nready.waitForVisible(\"//DIV[contains(@class,\\\"home-content\\\")]/DIV[contains(@class,\\\"header\\\") and contains(text(), \\\"Personal Dashboard\\\")]\");","navMenus":["2df4045b9625c52fd40ca365","7e4425e6474f51b3cbba7b52"],"urlParameters":[],"userTypeId":"780f346f1fb788667068f7c1","platformId":"481cf21fd3e3e12a10f31967"},"ready":{"checks":[{"command":"waitForVisible","args":["//H3[contains(@class,\"home-top-nav\")]/A[contains(text(), \"Personal Dashboard\")]",5000,null],"result":{"pass":false,"time":6650,"timeout":5000,"error":{"message":"RuntimeError\n     (ScriptTimeout:28) A script did not complete before its timeout expired.\n     Problem: asynchronous script timeout: result was not received in 5 seconds\u001b[1;30m\n\n     Callstack:\n     -> executeAsync(\"return (function (fn, sArr, args) {  var cb = arguments[arguments.length - 1],  i = 0, sArgs = [],  use, value, xp, cs, tn,  res, j, arg;  while ((use = sArr[i++]) && (value = sArr[i++])) {  arg = [];  xp = cs = tn = [Function];  switch (use) {  case \\\"partial link text\\\": xp = '//a[contains(text(),\\\"'+value+'\\\")]'; break;  case \\\"link text\\\": xp = '//a[text()=\\\"'+value+'\\\"]'; break;  case \\\"xpath\\\": xp = value; break;  case \\\"id\\\": cs = '[id=\\\"'+value+'\\\"]'; break;  case \\\"name\\\": cs = '[name=\\\"'+value+'\\\"]'; break;  case \\\"tag name\\\": tn = value; break;  case \\\"css selector\\\": cs = value; break;  default: throw new Error(\\\"Could not evaluate selector: Invalid strategy \\\" + use);  }   if (xp) {  res = document.evaluate(xp, document, null, 0, null);  while (value = res.iterateNext()) {  arg.push(value);  }  } else if (tn || cs) {  res = tn ? document.getElementsByTagName(tn) : document.querySelectorAll(cs);  j = 0;  while (value = res[j++]) {  arg.push(value);  }  }  sArgs.push(arg);  }   var parameter = args && sArgs.concat(args) || sArgs;  if(parameter.length === 0 || (parameter.length === 1 && parameter[0].length === 0)) {  if(typeof cb === 'function') {  return cb('NoSuchElement') && new Error('NoSuchElement');  }  return new Error('NoSuchElement');  }   parameter.push(arguments[arguments.length - 1]);   return fn.apply(window, parameter);\\n})(function (elements, reverse) {  var cb = arguments[arguments.length - 1],  db = document.body,  dde = document.documentElement;   var interval = setInterval(function() {   for (var i = 0; i < elements.length; ++i) {  var elem = elements[i],  conditionFulfilled = reverse ? false : true;   while (elem.parentNode && elem.parentNode.getBoundingClientRect) {   var condition = false,  elemDimension = elem.getBoundingClientRect(),  elemComputedStyle = window.getComputedStyle(elem),  documentDimension = {  width: Math.max(db.scrollTop || 0, dde.scrollTop || 0, db.offsetwidth || 0, dde.offsetWidth || 0, db.clientWidth || 0, dde.clientWidth || 0),  height: Math.max(db.scrollheight || 0, dde.scrollHeight || 0, db.offsetHeight || 0, dde.offsetHeight || 0, db.clientHeight || 0, dde.clientHeight || 0)  };   if ((!reverse &&  elemComputedStyle.display !== 'none' &&  elemComputedStyle.visibility === 'visible' &&  parseFloat(elemComputedStyle.opacity, 10) > 0 &&  elemDimension.bottom >= 0 &&  elemDimension.top <= documentDimension.height &&  elemDimension.right >= 0 &&  elemDimension.left <= documentDimension.width) ||   (reverse &&  (elemComputedStyle.display === 'none' ||  elemComputedStyle.visibility === 'hidden' ||  parseFloat(elemComputedStyle.opacity, 10) === 0 ||  elemDimension.bottom < 0 ||  elemDimension.top > documentDimension.height ||  elemDimension.right < 0 ||  elemDimension.left > documentDimension.width))) {   condition = true;   }   if(reverse) {  /**   * if reverse is true (waitForInvisible) the condition is fulfilled   * when at least one element is hidden   */  conditionFulfilled = conditionFulfilled || condition;  } else {  /**   * if reverse is false (waitForVisible (default)) the condition is fulfilled   * when each element is visible   */  conditionFulfilled = conditionFulfilled && condition;  }  elem = elem.parentNode;   }   if(conditionFulfilled) {  window.clearInterval(interval);  return cb(true);  }   }   }, 100);\\n},[\\\"xpath\\\",\\\"//H3[contains(@class,\\\\\\\"home-top-nav\\\\\\\")]/A[contains(text(), \\\\\\\"Personal Dashboard\\\\\\\")]\\\"],[false], arguments[arguments.length - 1]);\")\n     -> selectorExecuteAsync(\"//H3[contains(@class,\\\"home-top-nav\\\")]/A[contains(text(), \\\"Personal Dashboard\\\")]\",[Function],false)\n     -> waitForVisible(\"//H3[contains(@class,\\\"home-top-nav\\\")]/A[contains(text(), \\\"Personal Dashboard\\\")]\",5000)\n","name":"RuntimeError","hasCallStack":true}}},{"command":"waitForVisible","args":["//DIV[contains(@class,\"home-content\")]/DIV[contains(@class,\"header\") and contains(text(), \"Personal Dashboard\")]",5000,null],"result":{"pass":false,"time":12771,"timeout":5000,"error":{"message":"RuntimeError\n     (ScriptTimeout:28) A script did not complete before its timeout expired.\n     Problem: asynchronous script timeout: result was not received in 5 seconds\u001b[1;30m\n\n     Callstack:\n     -> executeAsync(\"return (function (fn, sArr, args) {  var cb = arguments[arguments.length - 1],  i = 0, sArgs = [],  use, value, xp, cs, tn,  res, j, arg;  while ((use = sArr[i++]) && (value = sArr[i++])) {  arg = [];  xp = cs = tn = [Function];  switch (use) {  case \\\"partial link text\\\": xp = '//a[contains(text(),\\\"'+value+'\\\")]'; break;  case \\\"link text\\\": xp = '//a[text()=\\\"'+value+'\\\"]'; break;  case \\\"xpath\\\": xp = value; break;  case \\\"id\\\": cs = '[id=\\\"'+value+'\\\"]'; break;  case \\\"name\\\": cs = '[name=\\\"'+value+'\\\"]'; break;  case \\\"tag name\\\": tn = value; break;  case \\\"css selector\\\": cs = value; break;  default: throw new Error(\\\"Could not evaluate selector: Invalid strategy \\\" + use);  }   if (xp) {  res = document.evaluate(xp, document, null, 0, null);  while (value = res.iterateNext()) {  arg.push(value);  }  } else if (tn || cs) {  res = tn ? document.getElementsByTagName(tn) : document.querySelectorAll(cs);  j = 0;  while (value = res[j++]) {  arg.push(value);  }  }  sArgs.push(arg);  }   var parameter = args && sArgs.concat(args) || sArgs;  if(parameter.length === 0 || (parameter.length === 1 && parameter[0].length === 0)) {  if(typeof cb === 'function') {  return cb('NoSuchElement') && new Error('NoSuchElement');  }  return new Error('NoSuchElement');  }   parameter.push(arguments[arguments.length - 1]);   return fn.apply(window, parameter);\\n})(function (elements, reverse) {  var cb = arguments[arguments.length - 1],  db = document.body,  dde = document.documentElement;   var interval = setInterval(function() {   for (var i = 0; i < elements.length; ++i) {  var elem = elements[i],  conditionFulfilled = reverse ? false : true;   while (elem.parentNode && elem.parentNode.getBoundingClientRect) {   var condition = false,  elemDimension = elem.getBoundingClientRect(),  elemComputedStyle = window.getComputedStyle(elem),  documentDimension = {  width: Math.max(db.scrollTop || 0, dde.scrollTop || 0, db.offsetwidth || 0, dde.offsetWidth || 0, db.clientWidth || 0, dde.clientWidth || 0),  height: Math.max(db.scrollheight || 0, dde.scrollHeight || 0, db.offsetHeight || 0, dde.offsetHeight || 0, db.clientHeight || 0, dde.clientHeight || 0)  };   if ((!reverse &&  elemComputedStyle.display !== 'none' &&  elemComputedStyle.visibility === 'visible' &&  parseFloat(elemComputedStyle.opacity, 10) > 0 &&  elemDimension.bottom >= 0 &&  elemDimension.top <= documentDimension.height &&  elemDimension.right >= 0 &&  elemDimension.left <= documentDimension.width) ||   (reverse &&  (elemComputedStyle.display === 'none' ||  elemComputedStyle.visibility === 'hidden' ||  parseFloat(elemComputedStyle.opacity, 10) === 0 ||  elemDimension.bottom < 0 ||  elemDimension.top > documentDimension.height ||  elemDimension.right < 0 ||  elemDimension.left > documentDimension.width))) {   condition = true;   }   if(reverse) {  /**   * if reverse is true (waitForInvisible) the condition is fulfilled   * when at least one element is hidden   */  conditionFulfilled = conditionFulfilled || condition;  } else {  /**   * if reverse is false (waitForVisible (default)) the condition is fulfilled   * when each element is visible   */  conditionFulfilled = conditionFulfilled && condition;  }  elem = elem.parentNode;   }   if(conditionFulfilled) {  window.clearInterval(interval);  return cb(true);  }   }   }, 100);\\n},[\\\"xpath\\\",\\\"//DIV[contains(@class,\\\\\\\"home-content\\\\\\\")]/DIV[contains(@class,\\\\\\\"header\\\\\\\") and contains(text(), \\\\\\\"Personal Dashboard\\\\\\\")]\\\"],[false], arguments[arguments.length - 1]);\")\n     -> selectorExecuteAsync(\"//DIV[contains(@class,\\\"home-content\\\")]/DIV[contains(@class,\\\"header\\\") and contains(text(), \\\"Personal Dashboard\\\")]\",[Function],false)\n     -> waitForVisible(\"//DIV[contains(@class,\\\"home-content\\\")]/DIV[contains(@class,\\\"header\\\") and contains(text(), \\\"Personal Dashboard\\\")]\",5000)\n","name":"RuntimeError","hasCallStack":true}}}]},"validation":{}}],"resultCode":1,"result":null},
{"_id":"oBFmELdcq8v4PTgk3","projectId":"Mn7pkAGvfCrGGTYT5","projectVersionId":"pq6BP5yukdnwZwT42","testResultId":"6LNA9d8LnxdrafQ84","testResultRoleId":"9TcMiiBKRr8DwR7yR","testCaseStepId":"42923f9a98003383f22dc6f1","order":1,"type":2,"data":{"sourceId":"64f31b7d83f62dcc3b3ebfa7","destinationId":"12f006a57b1f1d0606763117","action":null,"node":{"_id":"rgDxv7X25xwKSiuNg","title":"Login","type":3,"parentId":"481cf21fd3e3e12a10f31967","projectId":"Mn7pkAGvfCrGGTYT5","projectVersionId":"pq6BP5yukdnwZwT42","createdBy":"6ordz9pgLnjHyYMmg","modifiedBy":"6ordz9pgLnjHyYMmg","staticId":"64f31b7d83f62dcc3b3ebfa7","config":{},"dateCreated":"2015-05-28T10:23:48.746Z","dateModified":"2015-09-13T01:28:02.002Z","url":"/login","pageTitle":"DocRoba :: Login","readyCode":"ready.waitForVisible(\"//INPUT[@id='loginEmail']\");\nready.waitForVisible(\"//INPUT[@id='loginPassword']\");\nready.waitForVisible(\"//BUTTON[contains(@class,'login')]\");","validationCode":"driver.isVisible(\"//INPUT[@id='loginEmail']\");\ndriver.isVisible(\"//INPUT[@id='loginPassword']\");\ndriver.isVisible(\"//BUTTON[contains(@class,'login')]\");","urlParameters":[],"userTypeId":"780f346f1fb788667068f7c1","platformId":"481cf21fd3e3e12a10f31967"}},"status":5,"checks":[{"order":0,"pass":true,"routeStep":{"nodeId":"64f31b7d83f62dcc3b3ebfa7","node":{"_id":"rgDxv7X25xwKSiuNg","title":"Login","type":3,"parentId":"481cf21fd3e3e12a10f31967","projectId":"Mn7pkAGvfCrGGTYT5","projectVersionId":"pq6BP5yukdnwZwT42","createdBy":"6ordz9pgLnjHyYMmg","modifiedBy":"6ordz9pgLnjHyYMmg","staticId":"64f31b7d83f62dcc3b3ebfa7","config":{},"dateCreated":"2015-05-28T10:23:48.746Z","dateModified":"2015-09-13T01:28:02.002Z","url":"/login","pageTitle":"DocRoba :: Login","readyCode":"ready.waitForVisible(\"//INPUT[@id='loginEmail']\");\nready.waitForVisible(\"//INPUT[@id='loginPassword']\");\nready.waitForVisible(\"//BUTTON[contains(@class,'login')]\");","validationCode":"driver.isVisible(\"//INPUT[@id='loginEmail']\");\ndriver.isVisible(\"//INPUT[@id='loginPassword']\");\ndriver.isVisible(\"//BUTTON[contains(@class,'login')]\");","urlParameters":[],"userTypeId":"780f346f1fb788667068f7c1","platformId":"481cf21fd3e3e12a10f31967"},"stepNum":0,"destinationId":"12f006a57b1f1d0606763117","destination":{"_id":"qudE3PXfH9y8T4Nq3","title":"Personal Dashboard","type":3,"parentId":"64f31b7d83f62dcc3b3ebfa7","projectId":"Mn7pkAGvfCrGGTYT5","projectVersionId":"pq6BP5yukdnwZwT42","createdBy":"6ordz9pgLnjHyYMmg","modifiedBy":"6ordz9pgLnjHyYMmg","staticId":"12f006a57b1f1d0606763117","config":{},"dateCreated":"2015-05-28T10:23:48.755Z","dateModified":"2015-08-09T23:37:07.350Z","pageTitle":"Home","url":"/home","readyCode":"// Nav entry\nready.waitForVisible(\"//H3[contains(@class,\\\"home-top-nav\\\")]/A[contains(text(), \\\"Personal Dashboard\\\")]\");\n\n// Page header\nready.waitForVisible(\"//DIV[contains(@class,\\\"home-content\\\")]/DIV[contains(@class,\\\"header\\\") and contains(text(), \\\"Personal Dashboard\\\")]\");","navMenus":["2df4045b9625c52fd40ca365","7e4425e6474f51b3cbba7b52"],"urlParameters":[],"userTypeId":"780f346f1fb788667068f7c1","platformId":"481cf21fd3e3e12a10f31967"},"action":{"_id":"Hkje9gNEpSkKmmHeS","projectId":"Mn7pkAGvfCrGGTYT5","projectVersionId":"pq6BP5yukdnwZwT42","nodeId":"64f31b7d83f62dcc3b3ebfa7","routes":[{"order":0,"nodeId":"12f006a57b1f1d0606763117","routeCode":"email.toLowerCase() == account.email.toLowerCase() && password == account.password"},{"order":1,"nodeId":"bd9309245d0c66ab3a37670f"}],"title":"Log In","staticId":"e0f815ee2211e1f8383e0543","code":"driver.setValue(\"//INPUT[@id=\\\"loginEmail\\\"]\", email);\ndriver.setValue(\"//INPUT[@id=\\\"loginPassword\\\"]\", password);\ndriver.leftClick(\"(//BUTTON[text()=\\\"Login\\\"])[1]\");","dateCreated":"2015-06-06T12:11:39.217Z","createdBy":"6ordz9pgLnjHyYMmg","dateModified":"2015-11-12T02:14:26.264Z","modifiedBy":"6ordz9pgLnjHyYMmg","variables":[{"order":0,"name":"email","type":0,"varIsArray":false,"defaultValue":"account.email"},{"order":0,"name":"password","type":0,"varIsArray":false,"defaultValue":"account.password"}]}},"actionExecuted":true,"actionResult":{"value":null}}],"resultCode":1,"result":null},
{"_id":"rikausEMhpXQ9BCYF","projectId":"Mn7pkAGvfCrGGTYT5","projectVersionId":"pq6BP5yukdnwZwT42","testResultId":"otRD87Ggiq2AZwBwk","testResultRoleId":"hr59n7jyZPWGFGQBR","testCaseStepId":"19144ae27b10ddab518229a5","order":0,"type":0,"data":{"nodeId":"64f31b7d83f62dcc3b3ebfa7","action":null,"node":{"_id":"rgDxv7X25xwKSiuNg","title":"Login","type":3,"parentId":"481cf21fd3e3e12a10f31967","projectId":"Mn7pkAGvfCrGGTYT5","projectVersionId":"pq6BP5yukdnwZwT42","createdBy":"6ordz9pgLnjHyYMmg","modifiedBy":"6ordz9pgLnjHyYMmg","staticId":"64f31b7d83f62dcc3b3ebfa7","config":{},"dateCreated":"2015-05-28T10:23:48.746Z","dateModified":"2015-09-13T01:28:02.002Z","url":"/login","pageTitle":"DocRoba :: Login","readyCode":"ready.waitForVisible(\"//INPUT[@id='loginEmail']\");\nready.waitForVisible(\"//INPUT[@id='loginPassword']\");\nready.waitForVisible(\"//BUTTON[contains(@class,'login')]\");","validationCode":"driver.isVisible(\"//INPUT[@id='loginEmail']\");\ndriver.isVisible(\"//INPUT[@id='loginPassword']\");\ndriver.isVisible(\"//BUTTON[contains(@class,'login')]\");","urlParameters":[],"userTypeId":"780f346f1fb788667068f7c1","platformId":"481cf21fd3e3e12a10f31967"}},"status":5,"checks":[{"node":{"_id":"rgDxv7X25xwKSiuNg","title":"Login","type":3,"parentId":"481cf21fd3e3e12a10f31967","projectId":"Mn7pkAGvfCrGGTYT5","projectVersionId":"pq6BP5yukdnwZwT42","createdBy":"6ordz9pgLnjHyYMmg","modifiedBy":"6ordz9pgLnjHyYMmg","staticId":"64f31b7d83f62dcc3b3ebfa7","config":{},"dateCreated":"2015-05-28T10:23:48.746Z","dateModified":"2015-09-13T01:28:02.002Z","url":"/login","pageTitle":"DocRoba :: Login","readyCode":"ready.waitForVisible(\"//INPUT[@id='loginEmail']\");\nready.waitForVisible(\"//INPUT[@id='loginPassword']\");\nready.waitForVisible(\"//BUTTON[contains(@class,'login')]\");","validationCode":"driver.isVisible(\"//INPUT[@id='loginEmail']\");\ndriver.isVisible(\"//INPUT[@id='loginPassword']\");\ndriver.isVisible(\"//BUTTON[contains(@class,'login')]\");","urlParameters":[],"userTypeId":"780f346f1fb788667068f7c1","platformId":"481cf21fd3e3e12a10f31967"},"ready":{"checks":[{"command":"waitForVisible","args":["//INPUT[@id='loginEmail']",5000,null],"result":{"pass":true,"time":1286,"timeout":5000}},{"command":"waitForVisible","args":["//INPUT[@id='loginPassword']",5000,null],"result":{"pass":true,"time":1468,"timeout":5000}},{"command":"waitForVisible","args":["//BUTTON[contains(@class,'login')]",5000,null],"result":{"pass":true,"time":1639,"timeout":5000}}]},"validation":{"checks":[]}}],"resultCode":1,"result":null},
{"_id":"3LxJmJubPbkAtHY6X","projectId":"Mn7pkAGvfCrGGTYT5","projectVersionId":"pq6BP5yukdnwZwT42","testResultId":"otRD87Ggiq2AZwBwk","testResultRoleId":"hr59n7jyZPWGFGQBR","testCaseStepId":"c5f5b898032d97b5b3c25cc3","order":1,"type":1,"data":{"actionId":"e0f815ee2211e1f8383e0543","nodeId":"12f006a57b1f1d0606763117","action":{"_id":"Hkje9gNEpSkKmmHeS","projectId":"Mn7pkAGvfCrGGTYT5","projectVersionId":"pq6BP5yukdnwZwT42","nodeId":"64f31b7d83f62dcc3b3ebfa7","routes":[{"order":0,"nodeId":"12f006a57b1f1d0606763117","routeCode":"email.toLowerCase() == account.email.toLowerCase() && password == account.password"},{"order":1,"nodeId":"bd9309245d0c66ab3a37670f"}],"title":"Log In","staticId":"e0f815ee2211e1f8383e0543","code":"driver.setValue(\"//INPUT[@id=\\\"loginEmail\\\"]\", email);\ndriver.setValue(\"//INPUT[@id=\\\"loginPassword\\\"]\", password);\ndriver.leftClick(\"(//BUTTON[text()=\\\"Login\\\"])[1]\");","dateCreated":"2015-06-06T12:11:39.217Z","createdBy":"6ordz9pgLnjHyYMmg","dateModified":"2015-11-12T02:14:26.264Z","modifiedBy":"6ordz9pgLnjHyYMmg","variables":[{"order":0,"name":"email","type":0,"varIsArray":false,"defaultValue":"account.email"},{"order":0,"name":"password","type":0,"varIsArray":false,"defaultValue":"account.password"}]},"node":{"_id":"qudE3PXfH9y8T4Nq3","title":"Personal Dashboard","type":3,"parentId":"64f31b7d83f62dcc3b3ebfa7","projectId":"Mn7pkAGvfCrGGTYT5","projectVersionId":"pq6BP5yukdnwZwT42","createdBy":"6ordz9pgLnjHyYMmg","modifiedBy":"6ordz9pgLnjHyYMmg","staticId":"12f006a57b1f1d0606763117","config":{},"dateCreated":"2015-05-28T10:23:48.755Z","dateModified":"2015-08-09T23:37:07.350Z","pageTitle":"Home","url":"/home","readyCode":"// Nav entry\nready.waitForVisible(\"//H3[contains(@class,\\\"home-top-nav\\\")]/A[contains(text(), \\\"Personal Dashboard\\\")]\");\n\n// Page header\nready.waitForVisible(\"//DIV[contains(@class,\\\"home-content\\\")]/DIV[contains(@class,\\\"header\\\") and contains(text(), \\\"Personal Dashboard\\\")]\");","navMenus":["2df4045b9625c52fd40ca365","7e4425e6474f51b3cbba7b52"],"urlParameters":[],"userTypeId":"780f346f1fb788667068f7c1","platformId":"481cf21fd3e3e12a10f31967"}},"status":5,"checks":[{"node":{"_id":"qudE3PXfH9y8T4Nq3","title":"Personal Dashboard","type":3,"parentId":"64f31b7d83f62dcc3b3ebfa7","projectId":"Mn7pkAGvfCrGGTYT5","projectVersionId":"pq6BP5yukdnwZwT42","createdBy":"6ordz9pgLnjHyYMmg","modifiedBy":"6ordz9pgLnjHyYMmg","staticId":"12f006a57b1f1d0606763117","config":{},"dateCreated":"2015-05-28T10:23:48.755Z","dateModified":"2015-08-09T23:37:07.350Z","pageTitle":"Home","url":"/home","readyCode":"// Nav entry\nready.waitForVisible(\"//H3[contains(@class,\\\"home-top-nav\\\")]/A[contains(text(), \\\"Personal Dashboard\\\")]\");\n\n// Page header\nready.waitForVisible(\"//DIV[contains(@class,\\\"home-content\\\")]/DIV[contains(@class,\\\"header\\\") and contains(text(), \\\"Personal Dashboard\\\")]\");","navMenus":["2df4045b9625c52fd40ca365","7e4425e6474f51b3cbba7b52"],"urlParameters":[],"userTypeId":"780f346f1fb788667068f7c1","platformId":"481cf21fd3e3e12a10f31967"},"ready":{"checks":[{"command":"waitForVisible","args":["//H3[contains(@class,\"home-top-nav\")]/A[contains(text(), \"Personal Dashboard\")]",5000,null],"result":{"pass":false,"time":6325,"timeout":5000,"error":{"message":"RuntimeError\n     (ScriptTimeout:28) A script did not complete before its timeout expired.\n     Problem: asynchronous script timeout: result was not received in 5 seconds\u001b[1;30m\n\n     Callstack:\n     -> executeAsync(\"return (function (fn, sArr, args) {  var cb = arguments[arguments.length - 1],  i = 0, sArgs = [],  use, value, xp, cs, tn,  res, j, arg;  while ((use = sArr[i++]) && (value = sArr[i++])) {  arg = [];  xp = cs = tn = [Function];  switch (use) {  case \\\"partial link text\\\": xp = '//a[contains(text(),\\\"'+value+'\\\")]'; break;  case \\\"link text\\\": xp = '//a[text()=\\\"'+value+'\\\"]'; break;  case \\\"xpath\\\": xp = value; break;  case \\\"id\\\": cs = '[id=\\\"'+value+'\\\"]'; break;  case \\\"name\\\": cs = '[name=\\\"'+value+'\\\"]'; break;  case \\\"tag name\\\": tn = value; break;  case \\\"css selector\\\": cs = value; break;  default: throw new Error(\\\"Could not evaluate selector: Invalid strategy \\\" + use);  }   if (xp) {  res = document.evaluate(xp, document, null, 0, null);  while (value = res.iterateNext()) {  arg.push(value);  }  } else if (tn || cs) {  res = tn ? document.getElementsByTagName(tn) : document.querySelectorAll(cs);  j = 0;  while (value = res[j++]) {  arg.push(value);  }  }  sArgs.push(arg);  }   var parameter = args && sArgs.concat(args) || sArgs;  if(parameter.length === 0 || (parameter.length === 1 && parameter[0].length === 0)) {  if(typeof cb === 'function') {  return cb('NoSuchElement') && new Error('NoSuchElement');  }  return new Error('NoSuchElement');  }   parameter.push(arguments[arguments.length - 1]);   return fn.apply(window, parameter);\\n})(function (elements, reverse) {  var cb = arguments[arguments.length - 1],  db = document.body,  dde = document.documentElement;   var interval = setInterval(function() {   for (var i = 0; i < elements.length; ++i) {  var elem = elements[i],  conditionFulfilled = reverse ? false : true;   while (elem.parentNode && elem.parentNode.getBoundingClientRect) {   var condition = false,  elemDimension = elem.getBoundingClientRect(),  elemComputedStyle = window.getComputedStyle(elem),  documentDimension = {  width: Math.max(db.scrollTop || 0, dde.scrollTop || 0, db.offsetwidth || 0, dde.offsetWidth || 0, db.clientWidth || 0, dde.clientWidth || 0),  height: Math.max(db.scrollheight || 0, dde.scrollHeight || 0, db.offsetHeight || 0, dde.offsetHeight || 0, db.clientHeight || 0, dde.clientHeight || 0)  };   if ((!reverse &&  elemComputedStyle.display !== 'none' &&  elemComputedStyle.visibility === 'visible' &&  parseFloat(elemComputedStyle.opacity, 10) > 0 &&  elemDimension.bottom >= 0 &&  elemDimension.top <= documentDimension.height &&  elemDimension.right >= 0 &&  elemDimension.left <= documentDimension.width) ||   (reverse &&  (elemComputedStyle.display === 'none' ||  elemComputedStyle.visibility === 'hidden' ||  parseFloat(elemComputedStyle.opacity, 10) === 0 ||  elemDimension.bottom < 0 ||  elemDimension.top > documentDimension.height ||  elemDimension.right < 0 ||  elemDimension.left > documentDimension.width))) {   condition = true;   }   if(reverse) {  /**   * if reverse is true (waitForInvisible) the condition is fulfilled   * when at least one element is hidden   */  conditionFulfilled = conditionFulfilled || condition;  } else {  /**   * if reverse is false (waitForVisible (default)) the condition is fulfilled   * when each element is visible   */  conditionFulfilled = conditionFulfilled && condition;  }  elem = elem.parentNode;   }   if(conditionFulfilled) {  window.clearInterval(interval);  return cb(true);  }   }   }, 100);\\n},[\\\"xpath\\\",\\\"//H3[contains(@class,\\\\\\\"home-top-nav\\\\\\\")]/A[contains(text(), \\\\\\\"Personal Dashboard\\\\\\\")]\\\"],[false], arguments[arguments.length - 1]);\")\n     -> selectorExecuteAsync(\"//H3[contains(@class,\\\"home-top-nav\\\")]/A[contains(text(), \\\"Personal Dashboard\\\")]\",[Function],false)\n     -> waitForVisible(\"//H3[contains(@class,\\\"home-top-nav\\\")]/A[contains(text(), \\\"Personal Dashboard\\\")]\",5000)\n","name":"RuntimeError","hasCallStack":true}}},{"command":"waitForVisible","args":["//DIV[contains(@class,\"home-content\")]/DIV[contains(@class,\"header\") and contains(text(), \"Personal Dashboard\")]",5000,null],"result":{"pass":false,"time":12560,"timeout":5000,"error":{"message":"RuntimeError\n     (ScriptTimeout:28) A script did not complete before its timeout expired.\n     Problem: asynchronous script timeout: result was not received in 5 seconds\u001b[1;30m\n\n     Callstack:\n     -> executeAsync(\"return (function (fn, sArr, args) {  var cb = arguments[arguments.length - 1],  i = 0, sArgs = [],  use, value, xp, cs, tn,  res, j, arg;  while ((use = sArr[i++]) && (value = sArr[i++])) {  arg = [];  xp = cs = tn = [Function];  switch (use) {  case \\\"partial link text\\\": xp = '//a[contains(text(),\\\"'+value+'\\\")]'; break;  case \\\"link text\\\": xp = '//a[text()=\\\"'+value+'\\\"]'; break;  case \\\"xpath\\\": xp = value; break;  case \\\"id\\\": cs = '[id=\\\"'+value+'\\\"]'; break;  case \\\"name\\\": cs = '[name=\\\"'+value+'\\\"]'; break;  case \\\"tag name\\\": tn = value; break;  case \\\"css selector\\\": cs = value; break;  default: throw new Error(\\\"Could not evaluate selector: Invalid strategy \\\" + use);  }   if (xp) {  res = document.evaluate(xp, document, null, 0, null);  while (value = res.iterateNext()) {  arg.push(value);  }  } else if (tn || cs) {  res = tn ? document.getElementsByTagName(tn) : document.querySelectorAll(cs);  j = 0;  while (value = res[j++]) {  arg.push(value);  }  }  sArgs.push(arg);  }   var parameter = args && sArgs.concat(args) || sArgs;  if(parameter.length === 0 || (parameter.length === 1 && parameter[0].length === 0)) {  if(typeof cb === 'function') {  return cb('NoSuchElement') && new Error('NoSuchElement');  }  return new Error('NoSuchElement');  }   parameter.push(arguments[arguments.length - 1]);   return fn.apply(window, parameter);\\n})(function (elements, reverse) {  var cb = arguments[arguments.length - 1],  db = document.body,  dde = document.documentElement;   var interval = setInterval(function() {   for (var i = 0; i < elements.length; ++i) {  var elem = elements[i],  conditionFulfilled = reverse ? false : true;   while (elem.parentNode && elem.parentNode.getBoundingClientRect) {   var condition = false,  elemDimension = elem.getBoundingClientRect(),  elemComputedStyle = window.getComputedStyle(elem),  documentDimension = {  width: Math.max(db.scrollTop || 0, dde.scrollTop || 0, db.offsetwidth || 0, dde.offsetWidth || 0, db.clientWidth || 0, dde.clientWidth || 0),  height: Math.max(db.scrollheight || 0, dde.scrollHeight || 0, db.offsetHeight || 0, dde.offsetHeight || 0, db.clientHeight || 0, dde.clientHeight || 0)  };   if ((!reverse &&  elemComputedStyle.display !== 'none' &&  elemComputedStyle.visibility === 'visible' &&  parseFloat(elemComputedStyle.opacity, 10) > 0 &&  elemDimension.bottom >= 0 &&  elemDimension.top <= documentDimension.height &&  elemDimension.right >= 0 &&  elemDimension.left <= documentDimension.width) ||   (reverse &&  (elemComputedStyle.display === 'none' ||  elemComputedStyle.visibility === 'hidden' ||  parseFloat(elemComputedStyle.opacity, 10) === 0 ||  elemDimension.bottom < 0 ||  elemDimension.top > documentDimension.height ||  elemDimension.right < 0 ||  elemDimension.left > documentDimension.width))) {   condition = true;   }   if(reverse) {  /**   * if reverse is true (waitForInvisible) the condition is fulfilled   * when at least one element is hidden   */  conditionFulfilled = conditionFulfilled || condition;  } else {  /**   * if reverse is false (waitForVisible (default)) the condition is fulfilled   * when each element is visible   */  conditionFulfilled = conditionFulfilled && condition;  }  elem = elem.parentNode;   }   if(conditionFulfilled) {  window.clearInterval(interval);  return cb(true);  }   }   }, 100);\\n},[\\\"xpath\\\",\\\"//DIV[contains(@class,\\\\\\\"home-content\\\\\\\")]/DIV[contains(@class,\\\\\\\"header\\\\\\\") and contains(text(), \\\\\\\"Personal Dashboard\\\\\\\")]\\\"],[false], arguments[arguments.length - 1]);\")\n     -> selectorExecuteAsync(\"//DIV[contains(@class,\\\"home-content\\\")]/DIV[contains(@class,\\\"header\\\") and contains(text(), \\\"Personal Dashboard\\\")]\",[Function],false)\n     -> waitForVisible(\"//DIV[contains(@class,\\\"home-content\\\")]/DIV[contains(@class,\\\"header\\\") and contains(text(), \\\"Personal Dashboard\\\")]\",5000)\n","name":"RuntimeError","hasCallStack":true}}}]},"validation":{}}],"resultCode":0,"result":{"error":{"message":"node-not-ready","name":"Error","stack":"Error: node-not-ready<br>    at ValidateNode (/Users/austinsand/Workspace/doc-roba/automation/roba_test_role.js:533:36)<br>    at ExecuteActionStep (/Users/austinsand/Workspace/doc-roba/automation/roba_test_role.js:342:14)<br>    at ExecuteTestRole (/Users/austinsand/Workspace/doc-roba/automation/roba_test_role.js:213:19)<br>    at RobaContext.testResultRoleId (/Users/austinsand/Workspace/doc-roba/automation/roba_test_role.js:77:5)<br>    at /Users/austinsand/Workspace/doc-roba/automation/node_modules/fibers/future.js:438:21"}}},
{"_id":"zmf4YpJvNpBzbLbF9","projectId":"Mn7pkAGvfCrGGTYT5","projectVersionId":"pq6BP5yukdnwZwT42","testResultId":"yDMQckGpGQW5nz5EY","testResultRoleId":"TzzWQdhMjKr8fZ2EE","testCaseStepId":"19144ae27b10ddab518229a5","order":0,"type":0,"data":{"nodeId":"64f31b7d83f62dcc3b3ebfa7","action":null,"node":{"_id":"rgDxv7X25xwKSiuNg","title":"Login","type":3,"parentId":"481cf21fd3e3e12a10f31967","projectId":"Mn7pkAGvfCrGGTYT5","projectVersionId":"pq6BP5yukdnwZwT42","createdBy":"6ordz9pgLnjHyYMmg","modifiedBy":"6ordz9pgLnjHyYMmg","staticId":"64f31b7d83f62dcc3b3ebfa7","config":{},"dateCreated":"2015-05-28T10:23:48.746Z","dateModified":"2015-11-14T22:19:45.694Z","url":"/login","pageTitle":"DocRoba :: Login","readyCode":"ready.waitForVisible(\"//INPUT[@id='loginEmail']\");\nready.waitForVisible(\"//INPUT[@id='loginPassword']\");\nready.waitForVisible(\"//BUTTON[contains(@class,'login')]\");","validationCode":"valid.isVisible(\"//INPUT[@id='loginEmail']\");\nvalid.isVisible(\"//INPUT[@id='loginPassword']\");\nvalid.isVisible(\"//BUTTON[contains(@class,'login')]\");","urlParameters":[],"userTypeId":"780f346f1fb788667068f7c1","platformId":"481cf21fd3e3e12a10f31967"}},"status":5,"checks":[{"node":{"_id":"rgDxv7X25xwKSiuNg","title":"Login","type":3,"parentId":"481cf21fd3e3e12a10f31967","projectId":"Mn7pkAGvfCrGGTYT5","projectVersionId":"pq6BP5yukdnwZwT42","createdBy":"6ordz9pgLnjHyYMmg","modifiedBy":"6ordz9pgLnjHyYMmg","staticId":"64f31b7d83f62dcc3b3ebfa7","config":{},"dateCreated":"2015-05-28T10:23:48.746Z","dateModified":"2015-11-14T22:19:45.694Z","url":"/login","pageTitle":"DocRoba :: Login","readyCode":"ready.waitForVisible(\"//INPUT[@id='loginEmail']\");\nready.waitForVisible(\"//INPUT[@id='loginPassword']\");\nready.waitForVisible(\"//BUTTON[contains(@class,'login')]\");","validationCode":"valid.isVisible(\"//INPUT[@id='loginEmail']\");\nvalid.isVisible(\"//INPUT[@id='loginPassword']\");\nvalid.isVisible(\"//BUTTON[contains(@class,'login')]\");","urlParameters":[],"userTypeId":"780f346f1fb788667068f7c1","platformId":"481cf21fd3e3e12a10f31967"},"ready":{"checks":[{"command":"waitForVisible","args":["//INPUT[@id='loginEmail']",5000,null],"result":{"pass":true,"time":1232,"timeout":5000}},{"command":"waitForVisible","args":["//INPUT[@id='loginPassword']",5000,null],"result":{"pass":true,"time":1375,"timeout":5000}},{"command":"waitForVisible","args":["//BUTTON[contains(@class,'login')]",5000,null],"result":{"pass":true,"time":1514,"timeout":5000}}]},"validation":{"checks":[{"command":"isVisible","args":["//INPUT[@id='loginEmail']",5000,null],"result":{"pass":true,"time":90,"timeout":5000}},{"command":"isVisible","args":["//INPUT[@id='loginPassword']",5000,null],"result":{"pass":true,"time":136,"timeout":5000}},{"command":"isVisible","args":["//BUTTON[contains(@class,'login')]",5000,null],"result":{"pass":[true,false],"time":203,"timeout":5000}}]}}],"resultCode":1,"result":null},
{"_id":"NqdP6XkJW8KS7BEpv","projectId":"Mn7pkAGvfCrGGTYT5","projectVersionId":"pq6BP5yukdnwZwT42","testResultId":"yDMQckGpGQW5nz5EY","testResultRoleId":"TzzWQdhMjKr8fZ2EE","testCaseStepId":"c5f5b898032d97b5b3c25cc3","order":1,"type":1,"data":{"actionId":"e0f815ee2211e1f8383e0543","nodeId":"12f006a57b1f1d0606763117","action":{"_id":"Hkje9gNEpSkKmmHeS","projectId":"Mn7pkAGvfCrGGTYT5","projectVersionId":"pq6BP5yukdnwZwT42","nodeId":"64f31b7d83f62dcc3b3ebfa7","routes":[{"order":0,"nodeId":"12f006a57b1f1d0606763117","routeCode":"email.toLowerCase() == account.email.toLowerCase() && password == account.password"},{"order":1,"nodeId":"bd9309245d0c66ab3a37670f"}],"title":"Log In","staticId":"e0f815ee2211e1f8383e0543","code":"driver.setValue(\"//INPUT[@id=\\\"loginEmail\\\"]\", email);\ndriver.setValue(\"//INPUT[@id=\\\"loginPassword\\\"]\", password);\ndriver.leftClick(\"(//BUTTON[text()=\\\"Login\\\"])[1]\");","dateCreated":"2015-06-06T12:11:39.217Z","createdBy":"6ordz9pgLnjHyYMmg","dateModified":"2015-11-12T02:14:26.264Z","modifiedBy":"6ordz9pgLnjHyYMmg","variables":[{"order":0,"name":"email","type":0,"varIsArray":false,"defaultValue":"account.email"},{"order":0,"name":"password","type":0,"varIsArray":false,"defaultValue":"account.password"}]},"node":{"_id":"qudE3PXfH9y8T4Nq3","title":"Personal Dashboard","type":3,"parentId":"64f31b7d83f62dcc3b3ebfa7","projectId":"Mn7pkAGvfCrGGTYT5","projectVersionId":"pq6BP5yukdnwZwT42","createdBy":"6ordz9pgLnjHyYMmg","modifiedBy":"6ordz9pgLnjHyYMmg","staticId":"12f006a57b1f1d0606763117","config":{},"dateCreated":"2015-05-28T10:23:48.755Z","dateModified":"2015-11-14T22:18:12.224Z","pageTitle":"Home","url":"/home","readyCode":"// Page header\nready.waitForVisible(\"//H1[contains(text(), \\\"Personal Dashboard\\\")]\");\n\n// Nav Menu\nready.waitForVisible(\"//DIV[contains(@class,\\\"home-nav-item\\\")]/H4\");","navMenus":["2df4045b9625c52fd40ca365","7e4425e6474f51b3cbba7b52"],"urlParameters":[],"userTypeId":"780f346f1fb788667068f7c1","platformId":"481cf21fd3e3e12a10f31967"}},"status":5,"checks":[{"node":{"_id":"qudE3PXfH9y8T4Nq3","title":"Personal Dashboard","type":3,"parentId":"64f31b7d83f62dcc3b3ebfa7","projectId":"Mn7pkAGvfCrGGTYT5","projectVersionId":"pq6BP5yukdnwZwT42","createdBy":"6ordz9pgLnjHyYMmg","modifiedBy":"6ordz9pgLnjHyYMmg","staticId":"12f006a57b1f1d0606763117","config":{},"dateCreated":"2015-05-28T10:23:48.755Z","dateModified":"2015-11-14T22:18:12.224Z","pageTitle":"Home","url":"/home","readyCode":"// Page header\nready.waitForVisible(\"//H1[contains(text(), \\\"Personal Dashboard\\\")]\");\n\n// Nav Menu\nready.waitForVisible(\"//DIV[contains(@class,\\\"home-nav-item\\\")]/H4\");","navMenus":["2df4045b9625c52fd40ca365","7e4425e6474f51b3cbba7b52"],"urlParameters":[],"userTypeId":"780f346f1fb788667068f7c1","platformId":"481cf21fd3e3e12a10f31967"},"ready":{"checks":[{"command":"waitForVisible","args":["//H1[contains(text(), \"Personal Dashboard\")]",5000,null],"result":{"pass":false,"time":6609,"timeout":5000,"error":{"message":"RuntimeError\n     (ScriptTimeout:28) A script did not complete before its timeout expired.\n     Problem: asynchronous script timeout: result was not received in 5 seconds\u001b[1;30m\n\n     Callstack:\n     -> executeAsync(\"return (function (fn, sArr, args) {  var cb = arguments[arguments.length - 1],  i = 0, sArgs = [],  use, value, xp, cs, tn,  res, j, arg;  while ((use = sArr[i++]) && (value = sArr[i++])) {  arg = [];  xp = cs = tn = [Function];  switch (use) {  case \\\"partial link text\\\": xp = '//a[contains(text(),\\\"'+value+'\\\")]'; break;  case \\\"link text\\\": xp = '//a[text()=\\\"'+value+'\\\"]'; break;  case \\\"xpath\\\": xp = value; break;  case \\\"id\\\": cs = '[id=\\\"'+value+'\\\"]'; break;  case \\\"name\\\": cs = '[name=\\\"'+value+'\\\"]'; break;  case \\\"tag name\\\": tn = value; break;  case \\\"css selector\\\": cs = value; break;  default: throw new Error(\\\"Could not evaluate selector: Invalid strategy \\\" + use);  }   if (xp) {  res = document.evaluate(xp, document, null, 0, null);  while (value = res.iterateNext()) {  arg.push(value);  }  } else if (tn || cs) {  res = tn ? document.getElementsByTagName(tn) : document.querySelectorAll(cs);  j = 0;  while (value = res[j++]) {  arg.push(value);  }  }  sArgs.push(arg);  }   var parameter = args && sArgs.concat(args) || sArgs;  if(parameter.length === 0 || (parameter.length === 1 && parameter[0].length === 0)) {  if(typeof cb === 'function') {  return cb('NoSuchElement') && new Error('NoSuchElement');  }  return new Error('NoSuchElement');  }   parameter.push(arguments[arguments.length - 1]);   return fn.apply(window, parameter);\\n})(function (elements, reverse) {  var cb = arguments[arguments.length - 1],  db = document.body,  dde = document.documentElement;   var interval = setInterval(function() {   for (var i = 0; i < elements.length; ++i) {  var elem = elements[i],  conditionFulfilled = reverse ? false : true;   while (elem.parentNode && elem.parentNode.getBoundingClientRect) {   var condition = false,  elemDimension = elem.getBoundingClientRect(),  elemComputedStyle = window.getComputedStyle(elem),  documentDimension = {  width: Math.max(db.scrollTop || 0, dde.scrollTop || 0, db.offsetwidth || 0, dde.offsetWidth || 0, db.clientWidth || 0, dde.clientWidth || 0),  height: Math.max(db.scrollheight || 0, dde.scrollHeight || 0, db.offsetHeight || 0, dde.offsetHeight || 0, db.clientHeight || 0, dde.clientHeight || 0)  };   if ((!reverse &&  elemComputedStyle.display !== 'none' &&  elemComputedStyle.visibility === 'visible' &&  parseFloat(elemComputedStyle.opacity, 10) > 0 &&  elemDimension.bottom >= 0 &&  elemDimension.top <= documentDimension.height &&  elemDimension.right >= 0 &&  elemDimension.left <= documentDimension.width) ||   (reverse &&  (elemComputedStyle.display === 'none' ||  elemComputedStyle.visibility === 'hidden' ||  parseFloat(elemComputedStyle.opacity, 10) === 0 ||  elemDimension.bottom < 0 ||  elemDimension.top > documentDimension.height ||  elemDimension.right < 0 ||  elemDimension.left > documentDimension.width))) {   condition = true;   }   if(reverse) {  /**   * if reverse is true (waitForInvisible) the condition is fulfilled   * when at least one element is hidden   */  conditionFulfilled = conditionFulfilled || condition;  } else {  /**   * if reverse is false (waitForVisible (default)) the condition is fulfilled   * when each element is visible   */  conditionFulfilled = conditionFulfilled && condition;  }  elem = elem.parentNode;   }   if(conditionFulfilled) {  window.clearInterval(interval);  return cb(true);  }   }   }, 100);\\n},[\\\"xpath\\\",\\\"//H1[contains(text(), \\\\\\\"Personal Dashboard\\\\\\\")]\\\"],[false], arguments[arguments.length - 1]);\")\n     -> selectorExecuteAsync(\"//H1[contains(text(), \\\"Personal Dashboard\\\")]\",[Function],false)\n     -> waitForVisible(\"//H1[contains(text(), \\\"Personal Dashboard\\\")]\",5000)\n","name":"RuntimeError","hasCallStack":true}}},{"command":"waitForVisible","args":["//DIV[contains(@class,\"home-nav-item\")]/H4",5000,null],"result":{"pass":true,"time":6752,"timeout":5000}}]},"validation":{}}],"resultCode":0,"result":{"error":{"message":"node-not-ready","name":"Error","stack":"Error: node-not-ready<br>    at ValidateNode (/Users/austinsand/Workspace/doc-roba/automation/roba_test_role.js:533:36)<br>    at ExecuteActionStep (/Users/austinsand/Workspace/doc-roba/automation/roba_test_role.js:342:14)<br>    at ExecuteTestRole (/Users/austinsand/Workspace/doc-roba/automation/roba_test_role.js:213:19)<br>    at RobaContext.testResultRoleId (/Users/austinsand/Workspace/doc-roba/automation/roba_test_role.js:77:5)<br>    at /Users/austinsand/Workspace/doc-roba/automation/node_modules/fibers/future.js:438:21"}}}
]
