[
{"_id":"D4woKykEFrS9S6LtP","projectId":"Mn7pkAGvfCrGGTYT5","projectVersionId":"pq6BP5yukdnwZwT42","parentId":"6fb04d34e2dd948f6df1849b","name":"Test","language":0,"staticId":"1a73dafccf010f0a1511a7f9","dateCreated":"2016-09-03T15:35:15.601Z","createdBy":"6ordz9pgLnjHyYMmg","dateModified":"2016-09-03T18:55:28.285Z","modifiedBy":"6ordz9pgLnjHyYMmg"},
{"_id":"qvQc2bDCcWq625Ze5","projectId":"Mn7pkAGvfCrGGTYT5","projectVersionId":"pq6BP5yukdnwZwT42","parentId":"6fb04d34e2dd948f6df1849b","name":"Test","language":0,"staticId":"d034ce28f8678c503ba4855a","dateCreated":"2016-09-03T15:44:31.494Z","createdBy":"6ordz9pgLnjHyYMmg","dateModified":"2016-09-05T00:13:43.433Z","modifiedBy":"6ordz9pgLnjHyYMmg","code":"console.log(\"What is this:\", this);"},
{"_id":"S9gHCqioR2pWhCeNM","projectId":"Mn7pkAGvfCrGGTYT5","projectVersionId":"pq6BP5yukdnwZwT42","parentId":"6fb04d34e2dd948f6df1849b","name":"Testing","language":0,"staticId":"71fc8e809c8e451f4044c7b7","dateCreated":"2016-09-04T13:16:27.645Z","createdBy":"6ordz9pgLnjHyYMmg","dateModified":"2016-09-04T13:16:27.646Z","modifiedBy":"6ordz9pgLnjHyYMmg"},
{"_id":"BiCMwaq5Hyvs6pv5M","projectId":"Mn7pkAGvfCrGGTYT5","projectVersionId":"pq6BP5yukdnwZwT42","parentId":"4031dc4956bfb0533d554dfa","name":"Info","language":0,"staticId":"94644fc06f6dc7923c0b7f62","dateCreated":"2016-09-04T15:27:29.236Z","createdBy":"6ordz9pgLnjHyYMmg","dateModified":"2016-09-04T20:22:54.655Z","modifiedBy":"6ordz9pgLnjHyYMmg"}
]
