[
{"_id":"C7HHeASnrt4XktsCR","title":"Contact Info","projectId":"Mn7pkAGvfCrGGTYT5","projectVersionId":"pq6BP5yukdnwZwT42","staticId":"c582d4f5e3e61987128e4b65","dateCreated":"2016-09-02T18:54:04.907Z","createdBy":"6ordz9pgLnjHyYMmg","dateModified":"2016-09-02T18:56:57.698Z","modifiedBy":"6ordz9pgLnjHyYMmg","tableSchemaDef":{"fields":[{"label":"Address1","type":0,"dataKey":"address1","dataTypeId":null,"fieldIsArray":false,"defaultValue":null,"schema":null},{"label":"Address 2","type":0,"dataKey":"address_2","dataTypeId":null,"fieldIsArray":false,"defaultValue":null,"schema":null},{"label":"City","type":0,"dataKey":"city","dataTypeId":null,"fieldIsArray":false,"defaultValue":null,"schema":null},{"label":"State","type":0,"dataKey":"state","dataTypeId":null,"fieldIsArray":false,"defaultValue":null,"schema":null},{"label":"Zip","type":0,"dataKey":"zip","dataTypeId":null,"fieldIsArray":false,"defaultValue":null,"schema":null},{"label":"County","type":0,"dataKey":"county","dataTypeId":null,"fieldIsArray":false,"defaultValue":null,"schema":null}]}}
]
